datetime,open,high,low,close,volume
2026-07-07T19:00:00+00:00,4127.599999999999,4128.429999999999,4092.8599999999997,4104.0599999999995,48448
2026-07-07T19:30:00+00:00,4104.0599999999995,4118.3099999999995,4103.929999999999,4114.75,26712
2026-07-07T20:00:00+00:00,4114.75,4116.41,4106.98,4111.5,8387
2026-07-07T20:30:00+00:00,4111.5,4111.82,4104.179999999999,4106.24,6589
2026-07-07T22:00:00+00:00,4106.24,4111.3,4091.6,4097.7,8820.417258702179
2026-07-07T22:30:00+00:00,4097.7,4100.76,4093.79,4096.66,7781
2026-07-07T23:00:00+00:00,4096.66,4105.92,4093.94,4102.97,11197
2026-07-07T23:30:00+00:00,4102.97,4103.53,4093.95,4096.63,11016
2026-07-08T00:00:00+00:00,4096.63,4106.07,4094.92,4103.54,33507
2026-07-08T00:30:00+00:00,4103.54,4124.91,4101.92,4109.64,31569
2026-07-08T01:00:00+00:00,4109.64,4115.92,4095.92,4100.66,50891
2026-07-08T01:30:00+00:00,4100.66,4111.04,4094.37,4109.3,41552
2026-07-08T02:00:00+00:00,4109.3,4123.0599999999995,4103.87,4116.95,27919
2026-07-08T02:30:00+00:00,4116.95,4119.21,4111.47,4112.62,23224
2026-07-08T03:00:00+00:00,4112.62,4128.89,4112.55,4127.98,24228
2026-07-08T03:30:00+00:00,4127.98,4129.22,4120.849999999999,4121.58,14879
2026-07-08T04:00:00+00:00,4121.58,4126.95,4118.37,4123.97,14673
2026-07-08T04:30:00+00:00,4123.97,4126.2699999999995,4120.15,4123.25,15787
2026-07-08T05:00:00+00:00,4123.25,4132.13,4119.99,4120.01,21121
2026-07-08T05:30:00+00:00,4120.01,4129.79,4119.17,4125.86,30583
2026-07-08T06:00:00+00:00,4125.86,4131.68,4120.14,4127.57,25552
2026-07-08T06:30:00+00:00,4127.57,4127.94,4121.49,4121.69,20273
2026-07-08T07:00:00+00:00,4121.69,4123.38,4112.78,4118.34,19538
2026-07-08T07:30:00+00:00,4118.34,4125.349999999999,4116.2699999999995,4119.43,16441
2026-07-08T08:00:00+00:00,4119.43,4119.48,4078.73,4086.5299999999997,58518
2026-07-08T08:30:00+00:00,4086.5299999999997,4090.15,4050.18,4054.94,74754
2026-07-08T09:00:00+00:00,4054.94,4059.13,4048.2999999999997,4054.74,45875
2026-07-08T09:30:00+00:00,4054.74,4056.7,4039.42,4041.3599999999997,35213
2026-07-08T10:00:00+00:00,4041.3599999999997,4053.91,4038.48,4048.83,26700
2026-07-08T10:30:00+00:00,4048.83,4056.66,4048.1099999999997,4051.2,24539
2026-07-08T11:00:00+00:00,4051.2,4055.3399999999997,4045.75,4048.02,22626
2026-07-08T11:30:00+00:00,4048.02,4070.8599999999997,4039.43,4060.25,38799
2026-07-08T12:00:00+00:00,4060.25,4075.87,4056.9,4069.0099999999998,35163
2026-07-08T12:30:00+00:00,4069.0099999999998,4084.45,4066.08,4070.5499999999997,44007
2026-07-08T13:00:00+00:00,4070.5499999999997,4081.27,4063.21,4064.75,55228
2026-07-08T13:30:00+00:00,4064.75,4078.39,4064.75,4068.74,77322
2026-07-08T14:00:00+00:00,4068.74,4069.5499999999997,4049.56,4058.2799999999997,63067
2026-07-08T14:30:00+00:00,4058.2799999999997,4059.48,4031.71,4038.83,64232
2026-07-08T15:00:00+00:00,4038.83,4041.92,4024.43,4028.8599999999997,56575
2026-07-08T15:30:00+00:00,4028.8599999999997,4036.5299999999997,4019.5499999999997,4032.29,46085
2026-07-08T16:00:00+00:00,4032.29,4043.15,4031.16,4041.52,36694
2026-07-08T16:30:00+00:00,4041.52,4062.52,4037.5299999999997,4061.62,44443
2026-07-08T17:00:00+00:00,4061.62,4071.92,4057.62,4071.2,34956
2026-07-08T17:30:00+00:00,4071.2,4074.5699999999997,4062.3599999999997,4063.33,22164
2026-07-08T18:00:00+00:00,4063.33,4073.79,4061.17,4067.71,35199
2026-07-08T18:30:00+00:00,4067.71,4089.67,4065.1099999999997,4082.44,32165
2026-07-08T19:00:00+00:00,4082.44,4089.15,4082.44,4086.38,26224
2026-07-08T19:30:00+00:00,4086.38,4089.29,4076.37,4077.92,25874
2026-07-08T20:00:00+00:00,4077.92,4081.68,4072.39,4075.02,11610
2026-07-08T20:30:00+00:00,4075.02,4078.0299999999997,4069.52,4073.39,8810
2026-07-08T22:00:00+00:00,4073.39,4076.5699999999997,4069.2799999999997,4071.06,8055.3085937877395
2026-07-08T22:30:00+00:00,4071.06,4076.86,4070.2799999999997,4073.66,6877
2026-07-08T23:00:00+00:00,4073.66,4074.9100000000003,4070.66,4074.65,5118.9897869652195
2026-07-08T23:30:00+00:00,4074.65,4074.65,4068.53,4073.2700000000004,8779
2026-07-09T00:00:00+00:00,4073.2700000000004,4086.8900000000003,4070.9,4074.8300000000004,25892
2026-07-09T00:30:00+00:00,4074.8300000000004,4078.7200000000003,4067.2000000000003,4070.67,19692
2026-07-09T01:00:00+00:00,4070.67,4075.82,4062.0000000000005,4063.51,36291
2026-07-09T01:30:00+00:00,4063.51,4073.01,4059.1200000000003,4069.7200000000003,21988
2026-07-09T02:00:00+00:00,4069.7200000000003,4079.7400000000002,4068.96,4077.53,16312
2026-07-09T02:30:00+00:00,4077.53,4078.8100000000004,4061.4,4061.94,18616
2026-07-09T03:00:00+00:00,4061.94,4064.5800000000004,4051.2000000000003,4055.13,21279
2026-07-09T03:30:00+00:00,4055.13,4061.1000000000004,4053.2900000000004,4061.0800000000004,10749
2026-07-09T04:00:00+00:00,4061.0800000000004,4061.55,4054.1800000000003,4055.92,10573
2026-07-09T04:30:00+00:00,4055.92,4061.5600000000004,4053.2500000000005,4061.2500000000005,10172
2026-07-09T05:00:00+00:00,4061.2500000000005,4073.09,4060.5600000000004,4069.2500000000005,20365
2026-07-09T05:30:00+00:00,4069.2500000000005,4081.21,4061.69,4078.76,22989
2026-07-09T06:00:00+00:00,4078.76,4100.1,4078.1800000000003,4099.340000000001,31261
2026-07-09T06:30:00+00:00,4099.340000000001,4105.1,4092.9000000000005,4104.950000000001,20887
2026-07-09T07:00:00+00:00,4104.950000000001,4107.380000000001,4098.410000000001,4105.870000000001,18027
2026-07-09T07:30:00+00:00,4105.870000000001,4108.170000000001,4100.550000000001,4104.910000000001,13147
2026-07-09T08:00:00+00:00,4104.910000000001,4114.710000000001,4102.150000000001,4111.77,18551
2026-07-09T08:30:00+00:00,4111.77,4113.68,4104.670000000001,4105.14,13110
2026-07-09T09:00:00+00:00,4105.14,4109.420000000001,4102.840000000001,4105.340000000001,12577
2026-07-09T09:30:00+00:00,4105.340000000001,4107.030000000001,4100.120000000001,4103.2300000000005,13246
2026-07-09T10:00:00+00:00,4103.2300000000005,4107.130000000001,4100.800000000001,4101.130000000001,9991
2026-07-09T10:30:00+00:00,4101.130000000001,4102.360000000001,4090.5900000000006,4096.080000000001,14284
2026-07-09T11:00:00+00:00,4096.080000000001,4104.260000000001,4094.6900000000005,4097.47,14777
2026-07-09T11:30:00+00:00,4097.47,4107.540000000001,4095.7800000000007,4105.68,14637
2026-07-09T12:00:00+00:00,4105.68,4116.910000000001,4102.080000000001,4103.790000000001,22803
2026-07-09T12:30:00+00:00,4103.790000000001,4119.550000000001,4103.790000000001,4104.630000000001,23210
2026-07-09T13:00:00+00:00,4104.630000000001,4124.4400000000005,4103.670000000001,4123.000000000001,29926
2026-07-09T13:30:00+00:00,4123.000000000001,4126.550000000001,4114.710000000001,4118.89,39688
2026-07-09T14:00:00+00:00,4118.89,4133.420000000001,4111.070000000001,4121.670000000001,41920
2026-07-09T14:30:00+00:00,4121.670000000001,4125.010000000001,4115.06,4124.630000000001,26857
2026-07-09T15:00:00+00:00,4124.630000000001,4127.89,4121.650000000001,4124.750000000001,22062
2026-07-09T15:30:00+00:00,4124.750000000001,4129.750000000001,4123.130000000001,4123.900000000001,17608
2026-07-09T16:00:00+00:00,4123.900000000001,4130.260000000001,4122.530000000001,4129.590000000001,15060
2026-07-09T16:30:00+00:00,4129.590000000001,4135.040000000001,4124.910000000001,4124.910000000001,14369
2026-07-09T17:00:00+00:00,4124.910000000001,4128.960000000001,4121.97,4128.550000000001,17398
2026-07-09T17:30:00+00:00,4128.550000000001,4135.000000000001,4126.110000000001,4133.1900000000005,14373
2026-07-09T18:00:00+00:00,4133.1900000000005,4133.370000000001,4119.960000000001,4120.97,12784
2026-07-09T18:30:00+00:00,4120.97,4122.510000000001,4118.410000000001,4121.460000000001,9272
2026-07-09T19:00:00+00:00,4121.460000000001,4123.89,4117.620000000001,4117.77,8864
2026-07-09T19:30:00+00:00,4117.77,4120.6900000000005,4115.670000000001,4119.450000000001,11946
2026-07-09T20:00:00+00:00,4119.450000000001,4121.090000000001,4117.570000000001,4118.1900000000005,3960
2026-07-09T20:30:00+00:00,4118.1900000000005,4122.570000000001,4117.750000000001,4120.340000000001,3328
2026-07-09T22:00:00+00:00,4120.340000000001,4123.910000000001,4118.1100000000015,4119.3200000000015,4903.77466212621
2026-07-09T22:30:00+00:00,4119.3200000000015,4121.060000000001,4117.790000000001,4117.800000000001,3510
2026-07-09T23:00:00+00:00,4117.800000000001,4121.300000000001,4117.450000000001,4118.520000000001,3497
2026-07-09T23:30:00+00:00,4118.520000000001,4121.020000000001,4116.990000000001,4119.770000000001,3542
2026-07-10T00:00:00+00:00,4119.770000000001,4122.0700000000015,4113.240000000001,4115.850000000001,13173
2026-07-10T00:30:00+00:00,4115.850000000001,4124.500000000001,4110.740000000001,4122.420000000001,14358
2026-07-10T01:00:00+00:00,4122.420000000001,4127.350000000001,4115.240000000001,4117.9000000000015,27744
2026-07-10T01:30:00+00:00,4117.9000000000015,4119.770000000001,4104.8600000000015,4113.0700000000015,21880
2026-07-10T02:00:00+00:00,4113.0700000000015,4125.290000000001,4112.3200000000015,4122.080000000001,15265
2026-07-10T02:30:00+00:00,4122.080000000001,4125.3600000000015,4118.490000000001,4124.000000000001,12960
2026-07-10T03:00:00+00:00,4124.000000000001,4131.130000000001,4116.6500000000015,4121.720000000001,14090
2026-07-10T03:30:00+00:00,4121.720000000001,4124.190000000001,4115.5700000000015,4116.530000000001,8159
2026-07-10T04:00:00+00:00,4116.530000000001,4117.380000000001,4108.250000000001,4113.830000000001,8735
2026-07-10T04:30:00+00:00,4113.830000000001,4115.870000000001,4111.090000000001,4111.3200000000015,6096
2026-07-10T05:00:00+00:00,4111.3200000000015,4113.390000000001,4109.190000000001,4110.6500000000015,9034
2026-07-10T05:30:00+00:00,4110.6500000000015,4113.4000000000015,4104.3200000000015,4112.740000000001,20258
2026-07-10T06:00:00+00:00,4112.740000000001,4116.310000000001,4110.160000000001,4110.660000000001,16667
2026-07-10T06:30:00+00:00,4110.660000000001,4112.420000000001,4107.240000000001,4107.940000000001,11857
2026-07-10T07:00:00+00:00,4107.940000000001,4111.720000000001,4105.010000000001,4108.680000000001,9917
2026-07-10T07:30:00+00:00,4108.680000000001,4110.700000000001,4100.590000000001,4105.170000000001,10787
2026-07-10T08:00:00+00:00,4105.170000000001,4105.850000000001,4099.270000000001,4100.630000000001,12799
2026-07-10T08:30:00+00:00,4100.630000000001,4101.880000000001,4091.130000000001,4094.120000000001,11267
2026-07-10T09:00:00+00:00,4094.120000000001,4099.850000000001,4090.570000000001,4099.080000000001,10252
2026-07-10T09:30:00+00:00,4099.080000000001,4101.760000000001,4094.5300000000007,4100.6500000000015,7489
2026-07-10T10:00:00+00:00,4100.6500000000015,4109.040000000001,4100.410000000001,4105.680000000001,8816
2026-07-10T10:30:00+00:00,4105.680000000001,4106.740000000001,4100.690000000001,4101.000000000001,7552
2026-07-10T11:00:00+00:00,4101.000000000001,4104.490000000001,4096.210000000001,4096.270000000001,9062
2026-07-10T11:30:00+00:00,4096.270000000001,4104.160000000001,4092.3500000000013,4098.530000000001,11659
2026-07-10T12:00:00+00:00,4098.530000000001,4113.600000000001,4097.220000000001,4102.310000000001,22584
2026-07-10T12:30:00+00:00,4102.310000000001,4103.340000000001,4093.710000000001,4096.880000000001,16838
2026-07-10T13:00:00+00:00,4096.880000000001,4102.940000000001,4081.770000000001,4083.500000000001,22028
2026-07-10T13:30:00+00:00,4083.500000000001,4101.710000000001,4083.1200000000013,4096.180000000001,35667
2026-07-10T14:00:00+00:00,4096.180000000001,4105.270000000001,4093.6600000000008,4103.260000000001,30872
2026-07-10T14:30:00+00:00,4103.260000000001,4104.1500000000015,4068.6400000000012,4089.040000000001,59153
2026-07-10T15:00:00+00:00,4089.040000000001,4104.010000000001,4087.540000000001,4098.510000000001,32527
2026-07-10T15:30:00+00:00,4098.510000000001,4109.660000000001,4097.540000000001,4109.270000000001,24286
2026-07-10T16:00:00+00:00,4109.270000000001,4111.130000000001,4103.510000000001,4110.630000000001,17774
2026-07-10T16:30:00+00:00,4110.630000000001,4111.680000000001,4100.3600000000015,4100.450000000001,13053
2026-07-10T17:00:00+00:00,4100.450000000001,4103.090000000001,4098.3600000000015,4101.530000000001,15890
2026-07-10T17:30:00+00:00,4101.530000000001,4103.1100000000015,4096.565,4096.975,9836.287322862067
2026-07-10T18:00:00+00:00,4096.975,4101.8550000000005,4096.295,4099.185,10653
2026-07-10T18:30:00+00:00,4099.185,4100.005,4094.375,4097.475,8327
2026-07-10T19:00:00+00:00,4097.475,4099.645,4094.075,4098.055,6193
2026-07-10T19:30:00+00:00,4098.055,4105.435,4096.785,4104.3550000000005,8981
2026-07-10T20:00:00+00:00,4104.3550000000005,4111.325,4104.295,4107.585,5095
2026-07-10T20:30:00+00:00,4107.585,4108.815,4106.725,4107.845,1547
2026-07-12T22:00:00+00:00,4107.845,4108.6050000000005,4075.0750000000003,4079.295,15601.829588138386
2026-07-12T22:30:00+00:00,4079.295,4081.485,4064.0350000000003,4071.5350000000003,9391
2026-07-12T23:00:00+00:00,4071.5350000000003,4071.8250000000003,4063.295,4069.875,12772
2026-07-12T23:30:00+00:00,4069.875,4079.885,4066.8650000000002,4079.6850000000004,18128
2026-07-13T00:00:00+00:00,4079.6850000000004,4086.2650000000003,4069.335,4069.7450000000003,31068
2026-07-13T00:30:00+00:00,4069.7450000000003,4072.7250000000004,4056.0350000000003,4069.215,30076
2026-07-13T01:00:00+00:00,4069.215,4077.215,4060.635,4074.925,47930
2026-07-13T01:30:00+00:00,4074.925,4085.005,4062.3450000000003,4067.665,39226
2026-07-13T02:00:00+00:00,4067.665,4070.125,4061.585,4062.4350000000004,30442
2026-07-13T02:30:00+00:00,4062.4350000000004,4072.635,4059.655,4063.5950000000003,24541
2026-07-13T03:00:00+00:00,4063.5950000000003,4064.485,4048.1850000000004,4057.065,23481
2026-07-13T03:30:00+00:00,4057.065,4057.715,4052.2050000000004,4055.6850000000004,12838
2026-07-13T04:00:00+00:00,4055.6850000000004,4055.695,4045.235,4050.5350000000003,15306
2026-07-13T04:30:00+00:00,4050.5350000000003,4054.385,4047.8250000000003,4054.005,9703
2026-07-13T05:00:00+00:00,4054.005,4068.385,4049.9750000000004,4053.3250000000003,20867
2026-07-13T05:30:00+00:00,4053.3250000000003,4060.945,4047.125,4048.715,31202
2026-07-13T06:00:00+00:00,4048.715,4056.585,4038.8250000000003,4056.215,30726
2026-07-13T06:30:00+00:00,4056.215,4058.715,4047.195,4050.6850000000004,20444
2026-07-13T07:00:00+00:00,4050.6850000000004,4056.375,4044.085,4053.965,18463
2026-07-13T07:30:00+00:00,4053.965,4060.3050000000003,4051.2250000000004,4060.0550000000003,15564
2026-07-13T08:00:00+00:00,4060.0550000000003,4075.925,4058.275,4069.2650000000003,26015
2026-07-13T08:30:00+00:00,4069.2650000000003,4073.665,4066.895,4069.735,15429
2026-07-13T09:00:00+00:00,4069.735,4071.875,4066.355,4067.7050000000004,13225
2026-07-13T09:30:00+00:00,4067.7050000000004,4069.125,4063.2450000000003,4063.385,12439
2026-07-13T10:00:00+00:00,4063.385,4065.645,4059.4350000000004,4060.255,10742
2026-07-13T10:30:00+00:00,4060.255,4063.3050000000003,4041.5750000000003,4055.8050000000003,20477
2026-07-13T11:00:00+00:00,4055.8050000000003,4063.145,4052.895,4058.0150000000003,18786
2026-07-13T11:30:00+00:00,4058.0150000000003,4063.5550000000003,4050.0150000000003,4051.565,18368
2026-07-13T12:00:00+00:00,4051.565,4058.835,4048.6850000000004,4054.065,22133
2026-07-13T12:30:00+00:00,4054.065,4062.655,4053.605,4062.4350000000004,19648
2026-07-13T13:00:00+00:00,4062.4350000000004,4062.6850000000004,4053.665,4057.395,31616
2026-07-13T13:30:00+00:00,4057.395,4059.195,4036.635,4038.505,61343
2026-07-13T14:00:00+00:00,4038.505,4042.065,3997.485,4011.9550000000004,77333
2026-07-13T14:30:00+00:00,4011.9550000000004,4012.195,3994.665,4010.335,53293
2026-07-13T15:00:00+00:00,4010.335,4015.5350000000003,4005.875,4011.5950000000003,35195
2026-07-13T15:30:00+00:00,4011.5950000000003,4012.7650000000003,4005.3650000000002,4011.165,28443
2026-07-13T16:00:00+00:00,4011.165,4013.125,3995.3250000000003,3999.025,25748
2026-07-13T16:30:00+00:00,3999.025,4000.0350000000003,3981.565,3988.2850000000003,50960
2026-07-13T17:00:00+00:00,3988.2850000000003,3997.135,3987.1150000000002,3994.1150000000002,29124
2026-07-13T17:30:00+00:00,3994.1150000000002,3996.065,3987.045,3988.3450000000003,26264
2026-07-13T18:00:00+00:00,3988.3450000000003,3991.965,3981.795,3990.3450000000003,34504
2026-07-13T18:30:00+00:00,3990.3450000000003,4000.3050000000003,3989.145,3996.5150000000003,21793
2026-07-13T19:00:00+00:00,3996.5150000000003,3999.565,3992.0750000000003,3993.3450000000003,21410
2026-07-13T19:30:00+00:00,3993.3450000000003,3997.545,3988.605,3997.025,24903
2026-07-13T20:00:00+00:00,3997.025,4001.375,3991.3250000000003,3994.9950000000003,9937
2026-07-13T20:30:00+00:00,3994.9950000000003,3997.715,3992.425,3996.665,8098
2026-07-13T22:00:00+00:00,3996.665,4005.4049999999997,3996.665,4003.815,5447.8735170037035
2026-07-13T22:30:00+00:00,4003.815,4004.9849999999997,3999.975,4000.395,6056
2026-07-13T23:00:00+00:00,4000.395,4002.525,3996.4449999999997,3996.865,6808
2026-07-13T23:30:00+00:00,3996.865,4001.475,3991.725,4000.615,13439
2026-07-14T00:00:00+00:00,4000.615,4004.345,3982.605,3994.575,44003
2026-07-14T00:30:00+00:00,3994.575,4006.805,3993.705,4003.605,36622
2026-07-14T01:00:00+00:00,4003.605,4004.355,3991.4849999999997,3997.335,43063
2026-07-14T01:30:00+00:00,3997.335,4011.6349999999998,3992.245,4009.9649999999997,32417
2026-07-14T02:00:00+00:00,4009.9649999999997,4018.595,4005.375,4017.305,22714
2026-07-14T02:30:00+00:00,4017.305,4018.585,4008.4849999999997,4011.775,19021
2026-07-14T03:00:00+00:00,4011.775,4018.325,4010.555,4017.4849999999997,17293
2026-07-14T03:30:00+00:00,4017.4849999999997,4018.565,4013.295,4016.3849999999998,12095
2026-07-14T04:00:00+00:00,4016.3849999999998,4018.1349999999998,4012.815,4015.125,10020
2026-07-14T04:30:00+00:00,4015.125,4022.865,4015.075,4019.575,10544
2026-07-14T05:00:00+00:00,4019.575,4023.515,4019.055,4022.065,9943
2026-07-14T05:30:00+00:00,4022.065,4033.265,4021.775,4030.685,20188
2026-07-14T06:00:00+00:00,4030.685,4032.575,4021.975,4022.495,16758
2026-07-14T06:30:00+00:00,4022.495,4026.185,4021.075,4023.4649999999997,14719
2026-07-14T07:00:00+00:00,4023.4649999999997,4029.335,4020.205,4025.6749999999997,16522
2026-07-14T07:30:00+00:00,4025.6749999999997,4028.9849999999997,4019.525,4020.115,17145
2026-07-14T08:00:00+00:00,4020.115,4022.625,4013.845,4021.1549999999997,19578
2026-07-14T08:30:00+00:00,4021.1549999999997,4023.335,4015.285,4015.345,13150
2026-07-14T09:00:00+00:00,4015.345,4023.915,4013.265,4015.1549999999997,14249
2026-07-14T09:30:00+00:00,4015.1549999999997,4023.345,4013.185,4021.165,15322
2026-07-14T10:00:00+00:00,4021.165,4021.7149999999997,4015.115,4017.165,11680
2026-07-14T10:30:00+00:00,4017.165,4022.345,4014.555,4021.185,14300
2026-07-14T11:00:00+00:00,4021.185,4027.8849999999998,4014.815,4024.365,19225
2026-07-14T11:30:00+00:00,4024.365,4031.475,4023.845,4030.6349999999998,15631
2026-07-14T12:00:00+00:00,4030.6349999999998,4035.4849999999997,4022.645,4029.2349999999997,21832
2026-07-14T12:30:00+00:00,4029.2349999999997,4103.085,4028.4449999999997,4075.6549999999997,77538
2026-07-14T13:00:00+00:00,4075.6549999999997,4085.805,4070.315,4080.9849999999997,48166
2026-07-14T13:30:00+00:00,4080.9849999999997,4088.045,4073.705,4075.895,61807
2026-07-14T14:00:00+00:00,4075.895,4084.745,4070.125,4076.265,57190
2026-07-14T14:30:00+00:00,4076.265,4089.9649999999997,4072.745,4084.505,49540
2026-07-14T15:00:00+00:00,4084.505,4100.155,4078.1749999999997,4084.415,42434
2026-07-14T15:30:00+00:00,4084.415,4086.265,4063.915,4065.565,38566
2026-07-14T16:00:00+00:00,4065.565,4066.4649999999997,4057.2149999999997,4058.805,26766
2026-07-14T16:30:00+00:00,4058.805,4062.275,4057.095,4060.995,17673
2026-07-14T17:00:00+00:00,4060.995,4064.1549999999997,4053.515,4062.285,19200
2026-07-14T17:30:00+00:00,4062.285,4064.495,4057.725,4062.1749999999997,11990
2026-07-14T18:00:00+00:00,4062.1749999999997,4062.6349999999998,4056.005,4057.855,14602
2026-07-14T18:30:00+00:00,4057.855,4058.975,4042.415,4053.6349999999998,21387
2026-07-14T19:00:00+00:00,4053.6349999999998,4056.915,4050.645,4051.005,13010
2026-07-14T19:30:00+00:00,4051.005,4056.315,4046.9449999999997,4055.1749999999997,17432
2026-07-14T20:00:00+00:00,4055.1749999999997,4055.825,4051.4849999999997,4052.4649999999997,5124
2026-07-14T20:30:00+00:00,4052.4649999999997,4052.9449999999997,4048.255,4051.4849999999997,4915
2026-07-14T22:00:00+00:00,4051.4849999999997,4051.605,4046.6150000000002,4049.545,6220.352699492842
2026-07-14T22:30:00+00:00,4049.545,4050.775,4046.525,4047.065,5116
2026-07-14T23:00:00+00:00,4047.065,4051.805,4044.645,4051.725,5508
2026-07-14T23:30:00+00:00,4051.725,4054.185,4049.3650000000002,4050.985,7927
2026-07-15T00:00:00+00:00,4050.985,4056.435,4048.965,4056.435,19649
2026-07-15T00:30:00+00:00,4056.435,4058.775,4050.155,4057.0750000000003,12646
2026-07-15T01:00:00+00:00,4057.0750000000003,4060.165,4050.685,4052.475,28598
2026-07-15T01:30:00+00:00,4052.475,4052.785,4033.585,4035.225,26903
2026-07-15T02:00:00+00:00,4035.225,4040.145,4027.285,4031.205,19251
2026-07-15T02:30:00+00:00,4031.205,4039.8650000000002,4030.625,4033.185,16000
2026-07-15T03:00:00+00:00,4033.185,4038.485,4028.055,4028.955,15444
2026-07-15T03:30:00+00:00,4028.955,4033.785,4025.925,4029.265,9700
2026-07-15T04:00:00+00:00,4029.265,4033.225,4028.005,4031.635,7334
2026-07-15T04:30:00+00:00,4031.635,4033.135,4026.0750000000003,4031.145,7771
2026-07-15T05:00:00+00:00,4031.145,4034.135,4022.635,4023.015,14352
2026-07-15T05:30:00+00:00,4023.015,4034.655,4019.785,4032.655,19486
2026-07-15T06:00:00+00:00,4032.655,4033.195,4019.295,4024.545,19412
2026-07-15T06:30:00+00:00,4024.545,4031.8650000000002,4020.495,4030.105,17574
2026-07-15T07:00:00+00:00,4030.105,4032.315,4018.145,4021.975,16966
2026-07-15T07:30:00+00:00,4021.975,4025.0950000000003,4017.695,4022.545,14980
2026-07-15T08:00:00+00:00,4022.545,4024.895,4015.335,4024.805,20036
2026-07-15T08:30:00+00:00,4024.805,4031.185,4022.535,4029.165,12876
2026-07-15T09:00:00+00:00,4029.165,4032.295,4024.985,4025.515,12976
2026-07-15T09:30:00+00:00,4025.515,4028.505,4023.505,4028.335,10774
2026-07-15T10:00:00+00:00,4028.335,4033.945,4024.525,4026.885,15695
2026-07-15T10:30:00+00:00,4026.885,4032.155,4024.955,4025.995,12627
2026-07-15T11:00:00+00:00,4025.995,4030.905,4025.6150000000002,4028.775,14171
2026-07-15T11:30:00+00:00,4028.775,4038.255,4027.265,4036.315,13771
2026-07-15T12:00:00+00:00,4036.315,4040.665,4033.895,4037.265,19781
2026-07-15T12:30:00+00:00,4037.265,4069.6150000000002,4036.955,4065.815,38190
2026-07-15T13:00:00+00:00,4065.815,4072.185,4051.995,4053.645,35029
2026-07-15T13:30:00+00:00,4053.645,4064.645,4052.975,4059.725,38065
2026-07-15T14:00:00+00:00,4059.725,4063.905,4053.5750000000003,4056.435,38861
2026-07-15T14:30:00+00:00,4056.435,4062.085,4051.245,4058.5750000000003,37410
2026-07-15T15:00:00+00:00,4058.5750000000003,4061.015,4037.445,4046.905,37736
2026-07-15T15:30:00+00:00,4046.905,4049.005,4042.715,4044.975,25880
2026-07-15T16:00:00+00:00,4044.975,4045.955,4030.955,4032.675,30440
2026-07-15T16:30:00+00:00,4032.675,4036.055,4024.775,4031.715,35124
2026-07-15T17:00:00+00:00,4031.715,4046.225,4030.985,4045.375,23061
2026-07-15T17:30:00+00:00,4045.375,4064.245,4044.945,4060.295,28393
2026-07-15T18:00:00+00:00,4060.295,4073.285,4059.805,4072.035,23704.551994369733
2026-07-15T18:30:00+00:00,4072.035,4079.3849999999998,4055.785,4057.1249999999995,22655
2026-07-15T19:00:00+00:00,4057.1249999999995,4060.8949999999995,4050.7349999999997,4053.9349999999995,18051
2026-07-15T19:30:00+00:00,4053.9349999999995,4055.4249999999997,4045.725,4054.9449999999997,23156
2026-07-15T20:00:00+00:00,4054.9449999999997,4060.095,4053.1649999999995,4059.2749999999996,6344
2026-07-15T20:30:00+00:00,4059.2749999999996,4061.0049999999997,4057.2749999999996,4057.765,4328
2026-07-15T22:00:00+00:00,4057.765,4064.8649999999993,4057.4649999999997,4061.7549999999997,5958.337213504309
2026-07-15T22:30:00+00:00,4061.7549999999997,4061.8749999999995,4057.6949999999997,4059.1649999999995,4878
2026-07-15T23:00:00+00:00,4059.1649999999995,4061.6849999999995,4056.5349999999994,4057.2549999999997,5220
2026-07-15T23:30:00+00:00,4057.2549999999997,4060.6449999999995,4055.0549999999994,4057.5749999999994,7905
2026-07-16T00:00:00+00:00,4057.5749999999994,4060.0749999999994,4054.524999999999,4058.104999999999,16237
2026-07-16T00:30:00+00:00,4058.104999999999,4060.8249999999994,4043.4649999999992,4044.254999999999,17123
2026-07-16T01:00:00+00:00,4044.254999999999,4050.254999999999,4033.704999999999,4036.774999999999,35694
2026-07-16T01:30:00+00:00,4036.774999999999,4045.724999999999,4036.374999999999,4038.774999999999,22340
2026-07-16T02:00:00+00:00,4038.774999999999,4039.854999999999,4028.454999999999,4034.394999999999,17466
2026-07-16T02:30:00+00:00,4034.394999999999,4035.4049999999993,4023.934999999999,4031.124999999999,20292
2026-07-16T03:00:00+00:00,4031.124999999999,4033.774999999999,4027.474999999999,4033.6549999999993,16082
2026-07-16T03:30:00+00:00,4033.6549999999993,4036.6349999999993,4032.3049999999994,4035.974999999999,9646
2026-07-16T04:00:00+00:00,4035.974999999999,4037.6949999999993,4031.584999999999,4033.7649999999994,7679
2026-07-16T04:30:00+00:00,4033.7649999999994,4035.144999999999,4031.524999999999,4032.7649999999994,5653
2026-07-16T05:00:00+00:00,4032.7649999999994,4033.604999999999,4026.474999999999,4027.334999999999,10835
2026-07-16T05:30:00+00:00,4027.334999999999,4032.7149999999992,4025.0349999999994,4027.024999999999,27696
2026-07-16T06:00:00+00:00,4027.024999999999,4036.1149999999993,4026.644999999999,4030.084999999999,22756
2026-07-16T06:30:00+00:00,4030.084999999999,4031.124999999999,4022.664999999999,4030.234999999999,20492
2026-07-16T07:00:00+00:00,4030.234999999999,4030.254999999999,4023.4049999999993,4024.234999999999,15454
2026-07-16T07:30:00+00:00,4024.234999999999,4031.434999999999,4022.6749999999993,4030.314999999999,16237
2026-07-16T08:00:00+00:00,4030.314999999999,4033.754999999999,4025.0549999999994,4031.934999999999,17837
2026-07-16T08:30:00+00:00,4031.934999999999,4036.294999999999,4031.7149999999992,4034.9049999999993,13126
2026-07-16T09:00:00+00:00,4034.9049999999993,4037.254999999999,4030.5549999999994,4032.7849999999994,10579
2026-07-16T09:30:00+00:00,4032.7849999999994,4036.024999999999,4029.9949999999994,4031.2649999999994,11832
2026-07-16T10:00:00+00:00,4031.2649999999994,4034.564999999999,4029.204999999999,4033.024999999999,9839
2026-07-16T10:30:00+00:00,4033.024999999999,4034.204999999999,4028.394999999999,4029.3049999999994,10962
2026-07-16T11:00:00+00:00,4029.3049999999994,4029.8249999999994,4020.9049999999993,4024.0149999999994,15260
2026-07-16T11:30:00+00:00,4024.0149999999994,4042.224999999999,4023.294999999999,4038.0549999999994,27291
2026-07-16T12:00:00+00:00,4038.0549999999994,4043.0349999999994,4012.354999999999,4024.474999999999,34613
2026-07-16T12:30:00+00:00,4024.474999999999,4029.1749999999993,3990.0149999999994,3991.814999999999,49293
2026-07-16T13:00:00+00:00,3991.814999999999,4005.894999999999,3973.224999999999,4005.254999999999,48411
2026-07-16T13:30:00+00:00,4005.254999999999,4007.9949999999994,3981.394999999999,3989.544999999999,60168
2026-07-16T14:00:00+00:00,3989.544999999999,4000.254999999999,3986.7149999999992,3998.9249999999993,53885
2026-07-16T14:30:00+00:00,3998.9249999999993,4006.2849999999994,3992.1349999999993,3997.5749999999994,39167
2026-07-16T15:00:00+00:00,3997.5749999999994,4016.6149999999993,3988.984999999999,4011.0949999999993,38602
2026-07-16T15:30:00+00:00,4011.0949999999993,4015.8649999999993,4005.204999999999,4006.664999999999,30229
2026-07-16T16:00:00+00:00,4006.664999999999,4007.3049999999994,3982.164999999999,3987.1949999999993,41281
2026-07-16T16:30:00+00:00,3987.1949999999993,3996.5949999999993,3986.604999999999,3991.664999999999,25857
2026-07-16T17:00:00+00:00,3991.664999999999,3992.544999999999,3982.504999999999,3987.1949999999993,26506
2026-07-16T17:30:00+00:00,3987.1949999999993,3988.4249999999993,3979.874999999999,3984.104999999999,27483
2026-07-16T18:00:00+00:00,3984.104999999999,3990.0949999999993,3983.274999999999,3985.954999999999,27097
2026-07-16T18:30:00+00:00,3985.954999999999,3985.954999999999,3976.234999999999,3980.044999999999,25638
2026-07-16T19:00:00+00:00,3980.044999999999,3985.644999999999,3978.184999999999,3978.454999999999,21369
2026-07-16T19:30:00+00:00,3978.454999999999,3982.1549999999993,3968.8449999999993,3979.6549999999993,30892
2026-07-16T20:00:00+00:00,3979.6549999999993,3979.754999999999,3971.5949999999993,3974.5549999999994,6940
2026-07-16T20:30:00+00:00,3974.5549999999994,3976.434999999999,3973.184999999999,3975.504999999999,6302
2026-07-16T22:00:00+00:00,3975.504999999999,3981.934999999999,3975.504999999999,3978.164999999999,6638.587006132448
2026-07-16T22:30:00+00:00,3978.164999999999,3980.074999999999,3974.684999999999,3979.934999999999,4658
2026-07-16T23:00:00+00:00,3979.934999999999,3982.184999999999,3977.054999999999,3979.894999999999,6037
2026-07-16T23:30:00+00:00,3979.894999999999,3987.974999999999,3977.014999999999,3987.4449999999993,12633
2026-07-17T00:00:00+00:00,3987.4449999999993,3992.484999999999,3984.6149999999993,3986.484999999999,28296
2026-07-17T00:30:00+00:00,3986.484999999999,3993.504999999999,3982.124999999999,3993.254999999999,20740
2026-07-17T01:00:00+00:00,3993.254999999999,3997.6349999999993,3988.894999999999,3992.6349999999993,39835
2026-07-17T01:30:00+00:00,3992.6349999999993,3996.994999999999,3980.6549999999993,3984.664999999999,31834
2026-07-17T02:00:00+00:00,3984.664999999999,3988.9249999999993,3981.3849999999993,3984.6549999999993,20374
2026-07-17T02:30:00+00:00,3984.6549999999993,3985.754999999999,3972.204999999999,3980.824999999999,29438
2026-07-17T03:00:00+00:00,3980.824999999999,4010.104999999999,3980.414999999999,4002.734999999999,32366
2026-07-17T03:30:00+00:00,4002.734999999999,4003.164999999999,3992.1349999999993,3993.044999999999,14275
2026-07-17T04:00:00+00:00,3993.044999999999,3993.224999999999,3986.734999999999,3987.804999999999,13214
2026-07-17T04:30:00+00:00,3987.804999999999,3989.604999999999,3981.754999999999,3983.3849999999993,14325
2026-07-17T05:00:00+00:00,3983.3849999999993,3984.3849999999993,3976.874999999999,3981.3449999999993,17203
2026-07-17T05:30:00+00:00,3981.3449999999993,3992.9249999999993,3979.9449999999993,3986.664999999999,34545
2026-07-17T06:00:00+00:00,3986.664999999999,4007.334999999999,3986.664999999999,4005.234999999999,32654
2026-07-17T06:30:00+00:00,4005.234999999999,4008.584999999999,3997.2149999999992,4000.8649999999993,24088
2026-07-17T07:00:00+00:00,4000.8649999999993,4003.914999999999,3994.9049999999993,3997.8849999999993,23191
2026-07-17T07:30:00+00:00,3997.8849999999993,4000.1549999999993,3994.224999999999,3994.3449999999993,17842
2026-07-17T08:00:00+00:00,3994.3449999999993,4001.334999999999,3989.684999999999,3994.004999999999,29604
2026-07-17T08:30:00+00:00,3994.004999999999,4000.954999999999,3989.504999999999,3995.684999999999,18830
2026-07-17T09:00:00+00:00,3995.684999999999,4004.014999999999,3994.294999999999,4000.6149999999993,20579
2026-07-17T09:30:00+00:00,4000.6149999999993,4001.254999999999,3996.1749999999993,3999.574999999999,14493
2026-07-17T10:00:00+00:00,3999.574999999999,4000.724999999999,3995.874999999999,3997.704999999999,16041
2026-07-17T10:30:00+00:00,3997.704999999999,3999.1349999999993,3992.084999999999,3992.4449999999993,11610
2026-07-17T11:00:00+00:00,3992.4449999999993,3997.434999999999,3991.494999999999,3997.2149999999992,17452
2026-07-17T11:30:00+00:00,3997.2149999999992,4000.4049999999993,3992.9049999999993,3995.544999999999,15695
2026-07-17T12:00:00+00:00,3995.544999999999,3997.1749999999993,3985.824999999999,3988.604999999999,21086
2026-07-17T12:30:00+00:00,3988.604999999999,3989.894999999999,3965.6149999999993,3967.544999999999,32187
2026-07-17T13:00:00+00:00,3967.544999999999,3977.284999999999,3961.1149999999993,3969.854999999999,48515
2026-07-17T13:30:00+00:00,3969.854999999999,4004.7149999999992,3965.394999999999,3998.374999999999,82069
2026-07-17T14:00:00+00:00,3998.374999999999,4006.004999999999,3991.814999999999,4000.1149999999993,62235
2026-07-17T14:30:00+00:00,4000.1149999999993,4002.974999999999,3993.6549999999993,4002.724999999999,42931
2026-07-17T15:00:00+00:00,4002.724999999999,4015.584999999999,3999.274999999999,4014.9649999999992,46338
2026-07-17T15:30:00+00:00,4014.9649999999992,4022.754999999999,4010.824999999999,4020.744999999999,35524
2026-07-17T16:00:00+00:00,4020.744999999999,4025.264999999999,4012.494999999999,4020.164999999999,34666
2026-07-17T16:30:00+00:00,4020.164999999999,4022.1949999999993,4014.204999999999,4016.554999999999,20091
2026-07-17T17:00:00+00:00,4016.554999999999,4020.6349999999993,4013.934999999999,4015.414999999999,17783
2026-07-17T17:30:00+00:00,4015.414999999999,4016.054999999999,4009.9649999999992,4011.524999999999,16518
2026-07-17T18:00:00+00:00,4011.524999999999,4017.6149999999993,4009.264999999999,4016.8649999999993,20787
2026-07-17T18:30:00+00:00,4016.8649999999993,4017.584999999999,4008.1149999999993,4012.734999999999,14107
2026-07-17T19:00:00+00:00,4012.734999999999,4013.074999999999,4003.874999999999,4006.804999999999,15539
2026-07-17T19:30:00+00:00,4006.804999999999,4018.144999999999,4006.484999999999,4016.914999999999,20816
2026-07-17T20:00:00+00:00,4016.914999999999,4017.314999999999,4010.074999999999,4012.224999999999,6906
2026-07-17T20:30:00+00:00,4012.224999999999,4015.084999999999,4010.044999999999,4014.8849999999993,3124
2026-07-19T22:00:00+00:00,4014.8849999999993,4020.484999999999,4007.454999999999,4007.744999999999,12171.325676396431
2026-07-19T22:30:00+00:00,4007.744999999999,4012.314999999999,4006.164999999999,4007.6949999999993,8446
2026-07-19T23:00:00+00:00,4007.6949999999993,4008.364999999999,4003.1949999999993,4006.084999999999,8251
2026-07-19T23:30:00+00:00,4006.084999999999,4009.354999999999,4002.394999999999,4008.454999999999,14524
2026-07-20T00:00:00+00:00,4008.454999999999,4018.594999999999,3995.564999999999,4017.164999999999,31858
2026-07-20T00:30:00+00:00,4017.164999999999,4023.414999999999,4011.4449999999993,4021.584999999999,24433
2026-07-20T01:00:00+00:00,4021.584999999999,4033.524999999999,4012.774999999999,4016.094999999999,45350
2026-07-20T01:30:00+00:00,4016.094999999999,4018.834999999999,4008.734999999999,4015.2149999999992,30103
2026-07-20T02:00:00+00:00,4015.2149999999992,4022.894999999999,4014.364999999999,4020.004999999999,24467
2026-07-20T02:30:00+00:00,4020.004999999999,4041.9649999999992,4019.254999999999,4034.834999999999,28147
2026-07-20T03:00:00+00:00,4034.834999999999,4039.894999999999,4031.684999999999,4035.2149999999992,23498
2026-07-20T03:30:00+00:00,4035.2149999999992,4040.9649999999992,4031.684999999999,4037.254999999999,12948
2026-07-20T04:00:00+00:00,4037.254999999999,4039.824999999999,4034.4249999999993,4038.504999999999,9316
2026-07-20T04:30:00+00:00,4038.504999999999,4038.504999999999,4031.474999999999,4031.844999999999,10015
2026-07-20T05:00:00+00:00,4031.844999999999,4034.264999999999,4023.034999999999,4024.144999999999,12296
2026-07-20T05:30:00+00:00,4024.144999999999,4027.684999999999,4018.4049999999993,4021.9049999999993,24558
2026-07-20T06:00:00+00:00,4021.9049999999993,4024.804999999999,4017.124999999999,4018.004999999999,20695
2026-07-20T06:30:00+00:00,4018.004999999999,4020.744999999999,4016.034999999999,4016.974999999999,16361
2026-07-20T07:00:00+00:00,4016.974999999999,4021.804999999999,4015.104999999999,4019.864999999999,16605
2026-07-20T07:30:00+00:00,4019.864999999999,4034.844999999999,4019.684999999999,4030.344999999999,22127
2026-07-20T08:00:00+00:00,4030.344999999999,4043.564999999999,4030.344999999999,4035.034999999999,17462
2026-07-20T08:30:00+00:00,4035.034999999999,4037.984999999999,4030.9049999999993,4032.034999999999,14411
2026-07-20T09:00:00+00:00,4032.034999999999,4035.274999999999,4028.354999999999,4029.474999999999,11770
2026-07-20T09:30:00+00:00,4029.474999999999,4036.354999999999,4027.844999999999,4034.374999999999,13804
2026-07-20T10:00:00+00:00,4034.374999999999,4036.484999999999,4031.294999999999,4035.034999999999,11457
2026-07-20T10:30:00+00:00,4035.034999999999,4038.624999999999,4034.044999999999,4037.334999999999,10994
2026-07-20T11:00:00+00:00,4037.334999999999,4040.354999999999,4032.984999999999,4035.354999999999,14614
2026-07-20T11:30:00+00:00,4035.354999999999,4053.834999999999,4034.6549999999993,4038.384999999999,42366
2026-07-20T12:00:00+00:00,4038.384999999999,4038.384999999999,4019.894999999999,4026.124999999999,39226
2026-07-20T12:30:00+00:00,4026.124999999999,4028.634999999999,4019.584999999999,4021.274999999999,24678
2026-07-20T13:00:00+00:00,4021.274999999999,4026.984999999999,4020.034999999999,4021.734999999999,26780
2026-07-20T13:30:00+00:00,4021.734999999999,4030.474999999999,4018.804999999999,4018.804999999999,40908
2026-07-20T14:00:00+00:00,4018.804999999999,4020.9049999999993,4011.294999999999,4019.6949999999993,36051
2026-07-20T14:30:00+00:00,4019.6949999999993,4026.544999999999,4018.184999999999,4019.294999999999,28350
2026-07-20T15:00:00+00:00,4019.294999999999,4032.524999999999,4017.604999999999,4029.474999999999,33786
2026-07-20T15:30:00+00:00,4029.474999999999,4029.764999999999,4023.334999999999,4024.884999999999,19630
2026-07-20T16:00:00+00:00,4024.884999999999,4031.524999999999,4023.834999999999,4025.614999999999,15591
2026-07-20T16:30:00+00:00,4025.614999999999,4025.784999999999,4014.4449999999993,4022.854999999999,21760
2026-07-20T17:00:00+00:00,4022.854999999999,4026.034999999999,4021.9449999999993,4025.1749999999993,13156
2026-07-20T17:30:00+00:00,4025.1749999999993,4026.004999999999,4016.934999999999,4018.284999999999,13492
2026-07-20T18:00:00+00:00,4018.284999999999,4024.9649999999992,4016.4649999999992,4019.984999999999,16220
2026-07-20T18:30:00+00:00,4019.984999999999,4021.9049999999993,4017.624999999999,4020.314999999999,14587
2026-07-20T19:00:00+00:00,4020.314999999999,4026.1749999999993,4017.494999999999,4026.1749999999993,13172
2026-07-20T19:30:00+00:00,4026.1749999999993,4031.024999999999,4018.344999999999,4019.9449999999993,20008
2026-07-20T20:00:00+00:00,4019.9449999999993,4022.4449999999993,4018.914999999999,4021.4649999999992,6189
2026-07-20T20:30:00+00:00,4021.4649999999992,4022.484999999999,4020.124999999999,4020.794999999999,3835
2026-07-20T22:00:00+00:00,4020.794999999999,4023.8449999999993,4018.2149999999992,4023.064999999999,5903.366863703147
2026-07-20T22:30:00+00:00,4023.064999999999,4023.064999999999,4012.6549999999993,4013.534999999999,9611
2026-07-20T23:00:00+00:00,4013.534999999999,4022.984999999999,4013.204999999999,4016.6149999999993,9613
2026-07-20T23:30:00+00:00,4016.6149999999993,4023.4249999999993,4016.334999999999,4022.8849999999993,9857
2026-07-21T00:00:00+00:00,4022.8849999999993,4031.784999999999,4016.734999999999,4028.024999999999,31037
2026-07-21T00:30:00+00:00,4028.024999999999,4040.184999999999,4027.0749999999994,4038.434999999999,16856
2026-07-21T01:00:00+00:00,4038.434999999999,4048.724999999999,4031.814999999999,4041.2149999999992,29756
2026-07-21T01:30:00+00:00,4041.2149999999992,4043.8849999999993,4034.434999999999,4036.1949999999993,20598
2026-07-21T02:00:00+00:00,4036.1949999999993,4043.054999999999,4034.934999999999,4041.6949999999993,14370
2026-07-21T02:30:00+00:00,4041.6949999999993,4056.9449999999993,4040.774999999999,4051.034999999999,20856
2026-07-21T03:00:00+00:00,4051.034999999999,4064.5749999999994,4049.794999999999,4060.624999999999,17747
2026-07-21T03:30:00+00:00,4060.624999999999,4062.6949999999993,4054.804999999999,4059.974999999999,10725
2026-07-21T04:00:00+00:00,4059.974999999999,4064.744999999999,4056.644999999999,4057.544999999999,9156
2026-07-21T04:30:00+00:00,4057.544999999999,4062.6149999999993,4057.3849999999993,4062.6149999999993,6356
2026-07-21T05:00:00+00:00,4062.6149999999993,4069.5949999999993,4059.3449999999993,4067.624999999999,10524
2026-07-21T05:30:00+00:00,4067.624999999999,4080.974999999999,4067.624999999999,4074.6149999999993,19514
2026-07-21T06:00:00+00:00,4074.6149999999993,4087.4649999999992,4074.6149999999993,4085.4049999999993,18200
2026-07-21T06:30:00+00:00,4085.4049999999993,4097.264999999999,4084.874999999999,4091.504999999999,16674
2026-07-21T07:00:00+00:00,4091.504999999999,4093.224999999999,4081.144999999999,4082.584999999999,11847
2026-07-21T07:30:00+00:00,4082.584999999999,4088.4649999999992,4080.604999999999,4084.4049999999993,10878
2026-07-21T08:00:00+00:00,4084.4049999999993,4085.604999999999,4076.014999999999,4076.644999999999,14749
2026-07-21T08:30:00+00:00,4076.644999999999,4078.1949999999993,4072.144999999999,4075.834999999999,10891
2026-07-21T09:00:00+00:00,4075.834999999999,4081.554999999999,4075.6349999999993,4075.794999999999,9685
2026-07-21T09:30:00+00:00,4075.794999999999,4082.534999999999,4074.164999999999,4078.834999999999,9952
2026-07-21T10:00:00+00:00,4078.834999999999,4082.4049999999993,4073.874999999999,4079.6749999999993,16001
2026-07-21T10:30:00+00:00,4079.6749999999993,4083.084999999999,4075.514999999999,4075.974999999999,10114
2026-07-21T11:00:00+00:00,4075.974999999999,4076.6149999999993,4068.4249999999993,4070.954999999999,13937
2026-07-21T11:30:00+00:00,4070.954999999999,4074.024999999999,4067.454999999999,4069.0949999999993,10160
2026-07-21T12:00:00+00:00,4069.0949999999993,4078.624999999999,4068.794999999999,4074.454999999999,16333
2026-07-21T12:30:00+00:00,4074.454999999999,4076.774999999999,4064.104999999999,4067.124999999999,25743
2026-07-21T13:00:00+00:00,4067.124999999999,4074.774999999999,4063.004999999999,4063.9249999999993,37242
2026-07-21T13:30:00+00:00,4063.9249999999993,4070.474999999999,4057.554999999999,4066.084999999999,42044
2026-07-21T14:00:00+00:00,4066.084999999999,4082.4649999999992,4064.8249999999994,4082.4649999999992,39626
2026-07-21T14:30:00+00:00,4082.4649999999992,4086.724999999999,4075.3449999999993,4081.454999999999,30764
2026-07-21T15:00:00+00:00,4081.454999999999,4092.0749999999994,4078.684999999999,4089.834999999999,27843
2026-07-21T15:30:00+00:00,4089.834999999999,4096.384999999999,4085.294999999999,4087.0749999999994,19984
2026-07-21T16:00:00+00:00,4087.0749999999994,4092.144999999999,4086.564999999999,4088.624999999999,14145
2026-07-21T16:30:00+00:00,4088.624999999999,4089.414999999999,4082.9049999999993,4084.5749999999994,12742
2026-07-21T17:00:00+00:00,4084.5749999999994,4085.934999999999,4082.034999999999,4085.1549999999993,12830
2026-07-21T17:30:00+00:00,4085.1549999999993,4085.3249999999994,4079.664999999999,4081.764999999999,7467
2026-07-21T18:00:00+00:00,4081.764999999999,4099.615,4080.784999999999,4096.855,14770
2026-07-21T18:30:00+00:00,4096.855,4098.724999999999,4092.374999999999,4095.374999999999,10472
2026-07-21T19:00:00+00:00,4095.374999999999,4098.714999999999,4093.1549999999997,4097.145,12189
2026-07-21T19:30:00+00:00,4097.145,4098.505000000001,4095.055,4097.625,14013
2026-07-21T20:00:00+00:00,4097.625,4099.345,4094.505000000001,4095.8750000000005,3827
2026-07-21T20:30:00+00:00,4095.8750000000005,4098.295,4089.3950000000013,4090.4950000000013,4623
2026-07-21T22:00:00+00:00,4090.4950000000013,4093.945000000001,4086.7450000000013,4093.7250000000013,5815.540042087652
2026-07-21T22:30:00+00:00,4093.7250000000013,4096.035000000002,4089.1650000000013,4091.425000000001,6204
2026-07-21T23:00:00+00:00,4091.425000000001,4093.4150000000013,4090.3350000000014,4092.1250000000014,3619
2026-07-21T23:30:00+00:00,4092.1250000000014,4093.9750000000013,4090.195000000001,4091.8950000000013,4813
2026-07-22T00:00:00+00:00,4091.8950000000013,4109.775000000002,4087.805000000001,4109.045000000002,27702
2026-07-22T00:30:00+00:00,4109.045000000002,4113.245000000002,4100.725000000002,4108.485000000001,22844
2026-07-22T01:00:00+00:00,4108.485000000001,4132.555,4107.475,4126.445000000001,41979
2026-07-22T01:30:00+00:00,4126.445000000001,4134.595,4123.865000000001,4133.275000000001,28335
2026-07-22T02:00:00+00:00,4133.275000000001,4137.015,4129.985000000001,4135.075000000001,18685
2026-07-22T02:30:00+00:00,4135.075000000001,4141.905000000001,4133.125,4141.475,24657
2026-07-22T03:00:00+00:00,4141.475,4152.655000000001,4140.285000000001,4149.275000000001,20274
2026-07-22T03:30:00+00:00,4149.275000000001,4149.335,4141.085,4141.8150000000005,12317
2026-07-22T04:00:00+00:00,4141.8150000000005,4142.205,4137.255,4139.655000000001,9311
2026-07-22T04:30:00+00:00,4139.655000000001,4140.045,4135.755,4137.985000000001,8313
2026-07-22T05:00:00+00:00,4137.985000000001,4140.895,4134.225,4134.685,11211
2026-07-22T05:30:00+00:00,4134.685,4144.995,4133.965,4142.115000000001,22892
2026-07-22T06:00:00+00:00,4142.115000000001,4146.155000000001,4125.005,4128.475,21659
2026-07-22T06:30:00+00:00,4128.475,4131.675,4124.3550000000005,4127.385,21328
2026-07-22T07:00:00+00:00,4127.385,4133.495,4122.905000000001,4130.675,15985
2026-07-22T07:30:00+00:00,4130.675,4133.905000000001,4120.265,4121.615000000001,17945
2026-07-22T08:00:00+00:00,4121.615000000001,4128.715,4121.585,4128.435,17992
2026-07-22T08:30:00+00:00,4128.435,4131.0650000000005,4124.3150000000005,4129.285000000001,15709
2026-07-22T09:00:00+00:00,4129.285000000001,4133.385,4128.725,4129.665,13402
2026-07-22T09:30:00+00:00,4129.665,4132.745,4124.215,4125.985000000001,13675
2026-07-22T10:00:00+00:00,4125.985000000001,4132.825000000001,4125.825000000001,4130.345,13372
2026-07-22T10:30:00+00:00,4130.345,4131.215,4126.8150000000005,4128.585,9255
2026-07-22T11:00:00+00:00,4128.585,4134.025000000001,4126.175,4129.645,10709
2026-07-22T11:30:00+00:00,4129.645,4133.985000000001,4123.695000000001,4133.535000000001,17101
2026-07-22T12:00:00+00:00,4133.535000000001,4144.0650000000005,4132.895,4143.6050000000005,20680
2026-07-22T12:30:00+00:00,4143.6050000000005,4145.345,4117.575000000001,4123.885,27868
2026-07-22T13:00:00+00:00,4123.885,4145.975,4123.775000000001,4142.655000000001,28498
2026-07-22T13:30:00+00:00,4142.655000000001,4166.765,4142.655000000001,4165.585,50290
2026-07-22T14:00:00+00:00,4165.585,4174.305,4155.555,4157.185,44780
2026-07-22T14:30:00+00:00,4157.185,4163.895,4154.935,4159.455,32032
2026-07-22T15:00:00+00:00,4159.455,4172.245,4159.455,4168.0650000000005,21089
2026-07-22T15:30:00+00:00,4168.0650000000005,4176.985000000001,4166.505,4170.215,21759
2026-07-22T16:00:00+00:00,4170.215,4170.305,4158.785000000001,4160.215,16559
2026-07-22T16:30:00+00:00,4160.215,4162.365000000001,4155.485000000001,4157.725,16348
2026-07-22T17:00:00+00:00,4157.725,4158.795,4153.635,4157.125,15389
2026-07-22T17:30:00+00:00,4157.125,4158.5650000000005,4149.395,4153.255,12849
2026-07-22T18:00:00+00:00,4153.255,4153.725,4145.705,4146.185,22044
2026-07-22T18:30:00+00:00,4146.185,4149.935,4143.015,4147.025000000001,17440
2026-07-22T19:00:00+00:00,4147.025000000001,4148.185,4142.745,4145.435,12203
2026-07-22T19:30:00+00:00,4145.435,4147.255,4139.905000000001,4142.845,15954
2026-07-22T20:00:00+00:00,4142.845,4148.8550000000005,4141.445000000001,4147.495,13354
2026-07-22T20:30:00+00:00,4147.495,4148.645,4139.235000000001,4140.8550000000005,9586
2026-07-22T22:00:00+00:00,4140.8550000000005,4153.805000000001,4119.535000000001,4134.805,14309.402919787852
2026-07-22T22:30:00+00:00,4134.805,4135.725,4125.885,4127.475,12533
2026-07-22T23:00:00+00:00,4127.475,4130.405000000001,4122.395,4125.825000000001,11987
2026-07-22T23:30:00+00:00,4125.825000000001,4140.015,4124.915000000001,4139.385,12394
2026-07-23T00:00:00+00:00,4139.385,4140.655000000001,4132.015,4135.805,18502
2026-07-23T00:30:00+00:00,4135.805,4139.155000000001,4131.095,4138.095,14294
2026-07-23T01:00:00+00:00,4138.095,4146.925,4135.915000000001,4143.365000000001,33930
2026-07-23T01:30:00+00:00,4143.365000000001,4145.285000000001,4120.215000000001,4123.785000000001,35732
2026-07-23T02:00:00+00:00,4123.785000000001,4124.735000000001,4117.965000000001,4122.075000000001,22753
2026-07-23T02:30:00+00:00,4122.075000000001,4134.715000000001,4119.5650000000005,4134.045000000001,23205
2026-07-23T03:00:00+00:00,4134.045000000001,4138.935,4130.0650000000005,4136.535000000001,18694
2026-07-23T03:30:00+00:00,4136.535000000001,4136.975,4130.075000000001,4130.635,10055
2026-07-23T04:00:00+00:00,4130.635,4135.655000000001,4128.415000000001,4135.615000000001,10386
2026-07-23T04:30:00+00:00,4135.615000000001,4136.215000000001,4125.905000000001,4127.095,10205
2026-07-23T05:00:00+00:00,4127.095,4131.325000000001,4125.235000000001,4131.325000000001,12446
2026-07-23T05:30:00+00:00,4131.325000000001,4136.485000000001,4126.625000000001,4130.045000000001,22314
2026-07-23T06:00:00+00:00,4130.045000000001,4134.135,4127.085000000001,4128.035000000001,20421
2026-07-23T06:30:00+00:00,4128.035000000001,4129.745000000001,4122.805,4124.405000000001,17834
2026-07-23T07:00:00+00:00,4124.405000000001,4125.375000000001,4107.875000000001,4114.335000000001,24207
2026-07-23T07:30:00+00:00,4114.335000000001,4114.665000000001,4096.125000000001,4101.374999999999,22759
2026-07-23T08:00:00+00:00,4101.374999999999,4103.624999999998,4094.4449999999983,4097.784999999998,19109
2026-07-23T08:30:00+00:00,4097.784999999998,4100.794999999996,4092.894999999997,4099.174999999997,15050
2026-07-23T09:00:00+00:00,4099.174999999997,4105.344999999997,4095.294999999998,4097.374999999998,15649
2026-07-23T09:30:00+00:00,4097.374999999998,4100.164999999997,4094.294999999998,4095.864999999998,13307
2026-07-23T10:00:00+00:00,4095.864999999998,4098.394999999999,4091.9249999999984,4095.7249999999985,13759
2026-07-23T10:30:00+00:00,4095.7249999999985,4101.144999999999,4092.474999999999,4099.064999999999,14582
2026-07-23T11:00:00+00:00,4099.064999999999,4099.8049999999985,4087.014999999999,4090.264999999999,17693
2026-07-23T11:30:00+00:00,4090.264999999999,4094.694999999999,4079.0249999999987,4091.574999999999,22076
2026-07-23T12:00:00+00:00,4091.574999999999,4091.8749999999986,4076.224999999999,4080.614999999999,22853
2026-07-23T12:30:00+00:00,4080.614999999999,4080.9849999999988,4066.9849999999988,4067.704999999999,34924
2026-07-23T13:00:00+00:00,4067.704999999999,4069.4349999999986,4046.444999999999,4064.804999999999,55968
2026-07-23T13:30:00+00:00,4064.804999999999,4073.304999999999,4048.764999999999,4049.114999999999,54503
2026-07-23T14:00:00+00:00,4049.114999999999,4062.864999999999,4046.0049999999987,4062.3749999999986,53746
2026-07-23T14:30:00+00:00,4062.3749999999986,4067.614999999999,4057.694999999999,4063.844999999999,37301
2026-07-23T15:00:00+00:00,4063.844999999999,4065.344999999999,4051.464999999999,4052.7549999999987,37534
2026-07-23T15:30:00+00:00,4052.7549999999987,4059.194999999999,4048.2549999999987,4054.674999999999,32915
2026-07-23T16:00:00+00:00,4054.674999999999,4057.554999999999,4051.714999999999,4055.9849999999988,18354
2026-07-23T16:30:00+00:00,4055.9849999999988,4057.694999999999,4052.944999999999,4057.4349999999986,16010
2026-07-23T17:00:00+00:00,4057.4349999999986,4060.4149999999986,4052.094999999999,4053.194999999999,21974
2026-07-23T17:30:00+00:00,4053.194999999999,4055.1049999999987,4047.424999999999,4047.614999999999,18077
2026-07-23T18:00:00+00:00,4047.614999999999,4051.074999999999,4046.5849999999987,4050.424999999999,23023
2026-07-23T18:30:00+00:00,4050.424999999999,4054.324999999999,4050.3349999999987,4051.9149999999986,12679
2026-07-23T19:00:00+00:00,4051.9149999999986,4055.114999999999,4048.974999999999,4054.224999999999,12395
2026-07-23T19:30:00+00:00,4054.224999999999,4057.0449999999987,4050.844999999999,4055.7349999999988,18942
2026-07-23T20:00:00+00:00,4055.7349999999988,4057.224999999999,4053.4149999999986,4056.154999999999,6332
2026-07-23T20:30:00+00:00,4056.154999999999,4056.474999999999,4053.2349999999988,4054.804999999999,4063
2026-07-23T22:00:00+00:00,4054.804999999999,4056.574999999999,4054.334999999999,4056.154999999999,3701.814240292899
2026-07-23T22:30:00+00:00,4056.154999999999,4056.624999999999,4054.584999999999,4055.6949999999993,3079
2026-07-23T23:00:00+00:00,4055.6949999999993,4056.004999999999,4053.364999999999,4055.314999999999,3530
2026-07-23T23:30:00+00:00,4055.314999999999,4056.624999999999,4052.774999999999,4053.204999999999,6876
2026-07-24T00:00:00+00:00,4053.204999999999,4056.164999999999,4047.414999999999,4052.834999999999,18138
2026-07-24T00:30:00+00:00,4052.834999999999,4056.734999999999,4051.014999999999,4055.894999999999,12713
2026-07-24T01:00:00+00:00,4055.894999999999,4056.244999999999,4046.484999999999,4048.894999999999,24764
2026-07-24T01:30:00+00:00,4048.894999999999,4056.604999999999,4047.604999999999,4049.7149999999992,17684
2026-07-24T02:00:00+00:00,4049.7149999999992,4054.254999999999,4047.114999999999,4052.564999999999,11874
2026-07-24T02:30:00+00:00,4052.564999999999,4054.294999999999,4029.204999999999,4030.544999999999,24677
2026-07-24T03:00:00+00:00,4030.544999999999,4039.764999999999,4029.314999999999,4036.554999999999,16240
2026-07-24T03:30:00+00:00,4036.554999999999,4039.4649999999992,4034.604999999999,4035.574999999999,9810
2026-07-24T04:00:00+00:00,4035.574999999999,4036.4649999999992,4033.094999999999,4035.874999999999,7587
2026-07-24T04:30:00+00:00,4035.874999999999,4036.4649999999992,4031.384999999999,4033.224999999999,5589
2026-07-24T05:00:00+00:00,4033.224999999999,4038.364999999999,4028.574999999999,4032.374999999999,10726
2026-07-24T05:30:00+00:00,4032.374999999999,4037.634999999999,4028.024999999999,4029.144999999999,19524
2026-07-24T06:00:00+00:00,4029.144999999999,4045.154999999999,4029.134999999999,4042.724999999999,20783
2026-07-24T06:30:00+00:00,4042.724999999999,4044.874999999999,4037.6949999999993,4041.834999999999,17998
2026-07-24T07:00:00+00:00,4041.834999999999,4056.854999999999,4041.334999999999,4054.864999999999,19799
2026-07-24T07:30:00+00:00,4054.864999999999,4059.744999999999,4051.954999999999,4054.394999999999,11674
2026-07-24T08:00:00+00:00,4054.394999999999,4058.724999999999,4051.264999999999,4058.724999999999,14377
2026-07-24T08:30:00+00:00,4058.724999999999,4064.814999999999,4054.954999999999,4063.614999999999,12602
2026-07-24T09:00:00+00:00,4063.614999999999,4066.954999999999,4058.664999999999,4059.144999999999,10322
2026-07-24T09:30:00+00:00,4059.144999999999,4066.014999999999,4057.874999999999,4065.974999999999,7844
2026-07-24T10:00:00+00:00,4065.974999999999,4069.804999999999,4063.644999999999,4068.114999999999,8267
2026-07-24T10:30:00+00:00,4068.114999999999,4070.064999999999,4063.304999999999,4066.124999999999,6919
2026-07-24T11:00:00+00:00,4066.124999999999,4069.594999999999,4064.634999999999,4065.254999999999,6757
2026-07-24T11:30:00+00:00,4065.254999999999,4067.704999999999,4057.554999999999,4063.874999999999,11964
2026-07-24T12:00:00+00:00,4063.874999999999,4066.274999999999,4058.504999999999,4065.734999999999,18074
2026-07-24T12:30:00+00:00,4065.734999999999,4065.734999999999,4057.784999999999,4062.234999999999,14472
2026-07-24T13:00:00+00:00,4062.234999999999,4064.564999999999,4050.884999999999,4052.534999999999,20314
2026-07-24T13:30:00+00:00,4052.534999999999,4074.704999999999,4050.974999999999,4073.364999999999,35204
2026-07-24T14:00:00+00:00,4073.364999999999,4076.144999999999,4062.084999999999,4072.184999999999,42370
2026-07-24T14:30:00+00:00,4072.184999999999,4074.084999999999,4064.6949999999993,4069.434999999999,28429
2026-07-24T15:00:00+00:00,4069.434999999999,4088.124999999999,4068.014999999999,4081.1949999999993,46060
2026-07-24T15:30:00+00:00,4081.1949999999993,4085.734999999999,4077.124999999999,4083.504999999999,25854
2026-07-24T16:00:00+00:00,4083.504999999999,4084.294999999999,4079.524999999999,4079.834999999999,16188
2026-07-24T16:30:00+00:00,4079.834999999999,4080.144999999999,4070.334999999999,4073.114999999999,14393
2026-07-24T17:00:00+00:00,4073.114999999999,4076.004999999999,4069.034999999999,4074.504999999999,14446
2026-07-24T17:30:00+00:00,4074.504999999999,4075.934999999999,4069.104999999999,4069.534999999999,9339
2026-07-24T18:00:00+00:00,4069.534999999999,4070.624999999999,4061.144999999999,4061.374999999999,11609
2026-07-24T18:30:00+00:00,4061.374999999999,4063.154999999999,4057.224999999999,4060.544999999999,10842
2026-07-24T19:00:00+00:00,4060.544999999999,4062.524999999999,4055.334999999999,4057.644999999999,12238
2026-07-24T19:30:00+00:00,4057.644999999999,4064.104999999999,4057.4449999999993,4059.814999999999,14091
2026-07-24T20:00:00+00:00,4059.814999999999,4061.374999999999,4058.244999999999,4059.834999999999,3189
2026-07-24T20:30:00+00:00,4059.834999999999,4062.134999999999,4057.754999999999,4061.584999999999,1445
2026-07-26T22:00:00+00:00,4061.584999999999,4102.855,4056.844999999999,4093.074999999999,11298.099256822254
2026-07-26T22:30:00+00:00,4093.074999999999,4099.655000000001,4091.7949999999987,4095.7450000000003,6049
2026-07-26T23:00:00+00:00,4095.7450000000003,4097.365,4089.7850000000003,4091.1250000000005,6248
2026-07-26T23:30:00+00:00,4091.1250000000005,4102.705,4090.5550000000003,4100.4349999999995,11370
2026-07-27T00:00:00+00:00,4100.4349999999995,4122.315,4097.234999999999,4100.705,26728
2026-07-27T00:30:00+00:00,4100.705,4115.595,4099.995000000001,4107.025000000001,17921
2026-07-27T01:00:00+00:00,4107.025000000001,4118.745,4103.175,4106.3150000000005,34964
2026-07-27T01:30:00+00:00,4106.3150000000005,4116.395,4104.115000000001,4116.395,22911
2026-07-27T02:00:00+00:00,4116.395,4117.225,4108.385,4109.285,15570
2026-07-27T02:30:00+00:00,4109.285,4109.455,4099.855,4099.9349999999995,14704
2026-07-27T03:00:00+00:00,4099.9349999999995,4102.014999999999,4091.5449999999964,4091.8449999999966,14119
2026-07-27T03:30:00+00:00,4091.8449999999966,4097.544999999996,4091.4449999999965,4097.234999999997,8427
2026-07-27T04:00:00+00:00,4097.234999999997,4099.134999999997,4093.2149999999965,4095.2849999999967,8085
2026-07-27T04:30:00+00:00,4095.2849999999967,4098.564999999996,4095.2849999999967,4096.514999999996,5966
2026-07-27T05:00:00+00:00,4096.514999999996,4101.054999999997,4092.3949999999977,4093.2449999999976,8997
2026-07-27T05:30:00+00:00,4093.2449999999976,4100.034999999998,4090.7849999999976,4099.4649999999965,18483
2026-07-27T06:00:00+00:00,4099.4649999999965,4102.664999999995,4097.474999999997,4102.3349999999955,13808
2026-07-27T06:30:00+00:00,4102.3349999999955,4105.514999999996,4100.424999999996,4102.254999999995,10335
2026-07-27T07:00:00+00:00,4102.254999999995,4112.2049999999945,4102.254999999995,4109.404999999995,15065
2026-07-27T07:30:00+00:00,4109.404999999995,4109.964999999995,4094.744999999994,4094.964999999994,12762
2026-07-27T08:00:00+00:00,4094.964999999994,4099.294999999994,4093.4349999999945,4097.154999999994,17807
2026-07-27T08:30:00+00:00,4097.154999999994,4103.084999999995,4093.614999999995,4101.3749999999945,11443
2026-07-27T09:00:00+00:00,4101.3749999999945,4104.604999999996,4097.354999999995,4097.794999999995,9959
2026-07-27T09:30:00+00:00,4097.794999999995,4106.624999999995,4096.664999999995,4102.394999999996,9774
2026-07-27T10:00:00+00:00,4102.394999999996,4102.674999999996,4092.744999999995,4099.324999999993,11056
2026-07-27T10:30:00+00:00,4099.324999999993,4108.624999999992,4099.2449999999935,4105.794999999992,9299
2026-07-27T11:00:00+00:00,4105.794999999992,4110.294999999992,4103.1549999999925,4103.1549999999925,9964
2026-07-27T11:30:00+00:00,4103.1549999999925,4106.1549999999925,4100.044999999994,4100.074999999993,14333
2026-07-27T12:00:00+00:00,4100.074999999993,4103.894999999994,4088.0649999999946,4092.6849999999945,20829
2026-07-27T12:30:00+00:00,4092.6849999999945,4095.2049999999945,4088.004999999994,4089.9949999999944,16586
2026-07-27T13:00:00+00:00,4089.9949999999944,4095.0149999999944,4082.294999999994,4082.3149999999946,30596
2026-07-27T13:30:00+00:00,4082.3149999999946,4095.7649999999944,4076.8049999999944,4080.504999999994,48539
2026-07-27T14:00:00+00:00,4080.504999999994,4085.3349999999946,4073.3849999999943,4074.6049999999946,41058
2026-07-27T14:30:00+00:00,4074.6049999999946,4083.5149999999944,4071.5549999999944,4082.4349999999945,38049
2026-07-27T15:00:00+00:00,4082.4349999999945,4085.3849999999943,4078.1349999999943,4082.8349999999946,28139
2026-07-27T15:30:00+00:00,4082.8349999999946,4085.9549999999945,4078.8449999999943,4084.754999999994,21630
2026-07-27T16:00:00+00:00,4084.754999999994,4095.044999999994,4084.0949999999943,4091.3649999999943,22801
2026-07-27T16:30:00+00:00,4091.3649999999943,4100.144999999994,4087.034999999993,4088.574999999993,18956
2026-07-27T17:00:00+00:00,4088.574999999993,4088.594999999993,4076.854999999993,4081.014999999993,18589
2026-07-27T17:30:00+00:00,4081.014999999993,4083.394999999993,4078.454999999993,4082.604999999993,13467
2026-07-27T18:00:00+00:00,4082.604999999993,4085.494999999993,4080.434999999993,4083.144999999993,13453
2026-07-27T18:30:00+00:00,4083.144999999993,4085.744999999993,4079.284999999993,4084.204999999993,15082
2026-07-27T19:00:00+00:00,4084.204999999993,4094.894999999993,4082.394999999993,4092.004999999993,11875
2026-07-27T19:30:00+00:00,4092.004999999993,4095.534999999993,4088.604999999993,4089.654999999993,14699
2026-07-27T20:00:00+00:00,4089.654999999993,4090.354999999993,4084.494999999993,4084.874999999993,4669
2026-07-27T20:30:00+00:00,4084.874999999993,4085.364999999993,4081.734999999993,4082.954999999993,3617
2026-07-27T22:00:00+00:00,4082.954999999993,4089.934999999993,4079.574999999993,4080.864999999993,4985.141592516541
2026-07-27T22:30:00+00:00,4080.864999999993,4083.634999999993,4080.864999999993,4082.734999999993,3897
2026-07-27T23:00:00+00:00,4082.734999999993,4083.574999999993,4080.384999999993,4081.704999999993,3929
2026-07-27T23:30:00+00:00,4081.704999999993,4082.204999999993,4078.434999999993,4081.8149999999932,7764
2026-07-28T00:00:00+00:00,4081.8149999999932,4082.744999999993,4067.524999999993,4070.454999999993,21707
2026-07-28T00:30:00+00:00,4070.454999999993,4074.644999999993,4066.034999999993,4066.484999999993,19875
2026-07-28T01:00:00+00:00,4066.484999999993,4068.754999999993,4054.974999999993,4055.954999999993,34239
2026-07-28T01:30:00+00:00,4055.954999999993,4058.924999999993,4051.134999999993,4053.714999999993,22858
2026-07-28T02:00:00+00:00,4053.714999999993,4057.504999999993,4051.014999999993,4054.634999999993,16362
2026-07-28T02:30:00+00:00,4054.634999999993,4056.344999999993,4049.354999999993,4050.624999999993,17322
2026-07-28T03:00:00+00:00,4050.624999999993,4057.834999999993,4048.804999999993,4056.364999999993,12411
2026-07-28T03:30:00+00:00,4056.364999999993,4059.5649999999932,4055.804999999993,4057.944999999993,11980
2026-07-28T04:00:00+00:00,4057.944999999993,4058.154999999993,4052.024999999993,4054.144999999993,11542
2026-07-28T04:30:00+00:00,4054.144999999993,4056.344999999993,4050.164999999993,4050.694999999993,8215
2026-07-28T05:00:00+00:00,4050.694999999993,4052.524999999993,4048.444999999993,4051.774999999993,13903
2026-07-28T05:30:00+00:00,4051.774999999993,4054.964999999993,4043.144999999993,4053.684999999993,23753
2026-07-28T06:00:00+00:00,4053.684999999993,4057.374999999993,4051.364999999993,4056.234999999993,18327
2026-07-28T06:30:00+00:00,4056.234999999993,4060.874999999993,4055.294999999993,4056.884999999993,14090
2026-07-28T07:00:00+00:00,4056.884999999993,4060.844999999993,4055.984999999993,4058.624999999993,12666
2026-07-28T07:30:00+00:00,4058.624999999993,4059.544999999993,4054.614999999993,4055.694999999993,12451
2026-07-28T08:00:00+00:00,4055.694999999993,4063.674999999993,4051.674999999993,4057.984999999993,23913
2026-07-28T08:30:00+00:00,4057.984999999993,4058.224999999993,4050.114999999993,4053.914999999993,15816
2026-07-28T09:00:00+00:00,4053.914999999993,4054.414999999993,4047.514999999993,4048.8149999999932,11046
2026-07-28T09:30:00+00:00,4048.8149999999932,4048.844999999993,4028.024999999993,4031.884999999993,18031
2026-07-28T10:00:00+00:00,4031.884999999993,4035.394999999993,4025.474999999993,4026.144999999993,18007
2026-07-28T10:30:00+00:00,4026.144999999993,4037.034999999993,4025.704999999993,4035.004999999993,15285
2026-07-28T11:00:00+00:00,4035.004999999993,4040.824999999993,4031.714999999993,4035.984999999993,21528
2026-07-28T11:30:00+00:00,4035.984999999993,4039.864999999993,4032.524999999993,4036.574999999993,16096
2026-07-28T12:00:00+00:00,4036.574999999993,4043.404999999993,4031.424999999993,4042.974999999993,18093
2026-07-28T12:30:00+00:00,4042.974999999993,4046.654999999993,4034.224999999993,4037.964999999993,20060
2026-07-28T13:00:00+00:00,4037.964999999993,4044.554999999993,4036.964999999993,4037.504999999993,22379
2026-07-28T13:30:00+00:00,4037.504999999993,4041.334999999993,4028.694999999993,4030.644999999993,44705
2026-07-28T14:00:00+00:00,4030.644999999993,4041.734999999993,4020.124999999993,4030.674999999993,46237
2026-07-28T14:30:00+00:00,4030.674999999993,4038.084999999993,4027.324999999993,4032.964999999993,30013
2026-07-28T15:00:00+00:00,4032.964999999993,4049.234999999993,4030.744999999993,4043.944999999993,38803
2026-07-28T15:30:00+00:00,4043.944999999993,4055.514999999993,4040.904999999993,4054.614999999993,23233
2026-07-28T16:00:00+00:00,4054.614999999993,4054.934999999993,4050.574999999993,4050.714999999993,16327
2026-07-28T16:30:00+00:00,4050.714999999993,4052.304999999993,4045.104999999993,4045.994999999993,13712
2026-07-28T17:00:00+00:00,4045.994999999993,4050.024999999993,4043.774999999993,4046.014999999993,20082
2026-07-28T17:30:00+00:00,4046.014999999993,4046.384999999993,4034.394999999993,4036.284999999993,15666
2026-07-28T18:00:00+00:00,4036.284999999993,4038.964999999993,4034.304999999993,4035.594999999993,25948
2026-07-28T18:30:00+00:00,4035.594999999993,4035.974999999993,4030.174999999993,4031.444999999993,20878
2026-07-28T19:00:00+00:00,4031.444999999993,4034.224999999993,4030.554999999993,4031.864999999993,12250
2026-07-28T19:30:00+00:00,4031.864999999993,4036.5649999999932,4031.864999999993,4034.944999999993,13454
2026-07-28T20:00:00+00:00,4034.944999999993,4036.434999999993,4031.014999999993,4035.914999999993,5565
2026-07-28T20:30:00+00:00,4035.914999999993,4039.144999999993,4034.944999999993,4036.834999999993,4872
2026-07-28T22:00:00+00:00,4036.834999999993,4040.694999999993,4027.0149999999926,4030.6449999999927,5877.711494688922
2026-07-28T22:30:00+00:00,4030.6449999999927,4030.8249999999925,4023.4749999999926,4028.0749999999925,9641
2026-07-28T23:00:00+00:00,4028.0749999999925,4032.904999999993,4024.8349999999928,4028.364999999993,12077
2026-07-28T23:30:00+00:00,4028.364999999993,4036.0349999999926,4027.154999999993,4034.6649999999927,17568
2026-07-29T00:00:00+00:00,4034.6649999999927,4039.364999999993,4027.3949999999927,4032.5349999999926,26082
2026-07-29T00:30:00+00:00,4032.5349999999926,4037.5149999999926,4030.1849999999927,4031.6649999999927,20528
2026-07-29T01:00:00+00:00,4031.6649999999927,4031.6649999999927,4020.1849999999927,4028.214999999993,31747
2026-07-29T01:30:00+00:00,4028.214999999993,4040.364999999993,4024.864999999993,4035.6849999999927,28514
2026-07-29T02:00:00+00:00,4035.6849999999927,4045.044999999993,4032.9549999999927,4042.844999999993,21511
2026-07-29T02:30:00+00:00,4042.844999999993,4047.7249999999926,4038.9949999999926,4039.2049999999927,17291
2026-07-29T03:00:00+00:00,4039.2049999999927,4042.614999999993,4035.3949999999927,4036.884999999993,14758
2026-07-29T03:30:00+00:00,4036.884999999993,4039.4149999999927,4033.064999999993,4033.424999999993,8872
2026-07-29T04:00:00+00:00,4033.424999999993,4035.3949999999927,4030.3749999999927,4033.3749999999927,9229
2026-07-29T04:30:00+00:00,4033.3749999999927,4037.444999999993,4033.274999999993,4036.984999999993,13001
2026-07-29T05:00:00+00:00,4036.984999999993,4041.424999999993,4036.464999999993,4040.3049999999926,11268
2026-07-29T05:30:00+00:00,4040.3049999999926,4049.7249999999926,4039.6649999999927,4042.714999999993,23557
2026-07-29T06:00:00+00:00,4042.714999999993,4052.864999999993,4042.6849999999927,4050.6649999999927,17325
2026-07-29T06:30:00+00:00,4050.6649999999927,4054.5549999999926,4049.464999999993,4050.944999999993,13164
2026-07-29T07:00:00+00:00,4050.944999999993,4057.4749999999926,4050.864999999993,4055.654999999993,11018
2026-07-29T07:30:00+00:00,4055.654999999993,4057.254999999993,4052.404999999993,4053.6449999999927,9312
2026-07-29T08:00:00+00:00,4053.6449999999927,4054.174999999993,4045.194999999993,4047.134999999993,10461
2026-07-29T08:30:00+00:00,4047.134999999993,4049.924999999993,4045.4549999999927,4047.3549999999927,9029
2026-07-29T09:00:00+00:00,4047.3549999999927,4048.1449999999927,4043.214999999993,4043.444999999993,9020
2026-07-29T09:30:00+00:00,4043.444999999993,4046.434999999993,4041.0149999999926,4042.604999999993,8780
2026-07-29T10:00:00+00:00,4042.604999999993,4044.194999999993,4040.154999999993,4043.304999999993,9644
2026-07-29T10:30:00+00:00,4043.304999999993,4044.424999999993,4036.134999999993,4037.604999999993,8094
2026-07-29T11:00:00+00:00,4037.604999999993,4043.504999999993,4035.064999999993,4042.824999999993,8968
2026-07-29T11:30:00+00:00,4042.824999999993,4046.224999999993,4040.254999999993,4042.794999999993,8787
2026-07-29T12:00:00+00:00,4042.794999999993,4043.464999999993,4022.774999999993,4023.394999999993,25142
2026-07-29T12:30:00+00:00,4023.394999999993,4033.594999999993,4019.284999999993,4032.614999999993,19221
2026-07-29T13:00:00+00:00,4032.614999999993,4036.434999999993,4023.874999999993,4024.664999999993,25500
2026-07-29T13:30:00+00:00,4024.664999999993,4027.914999999993,4012.554999999993,4017.3349999999928,50873
2026-07-29T14:00:00+00:00,4017.3349999999928,4020.154999999993,4005.964999999993,4015.514999999993,43093
2026-07-29T14:30:00+00:00,4015.514999999993,4019.214999999993,4008.384999999993,4014.804999999993,33846
2026-07-29T15:00:00+00:00,4014.804999999993,4021.294999999993,4013.224999999993,4020.514999999993,25516
2026-07-29T15:30:00+00:00,4020.514999999993,4023.884999999993,4017.114999999993,4019.804999999993,19571
2026-07-29T16:00:00+00:00,4019.804999999993,4027.614999999993,4017.504999999993,4026.514999999993,17992
2026-07-29T16:30:00+00:00,4026.514999999993,4042.8349999999928,4024.954999999993,4037.284999999993,23449
2026-07-29T17:00:00+00:00,4037.284999999993,4060.634999999993,4037.284999999993,4049.244999999993,40379
2026-07-29T17:30:00+00:00,4049.244999999993,4058.054999999993,4046.504999999993,4053.754999999993,28036
2026-07-29T18:00:00+00:00,4053.754999999993,4095.904999999993,4051.864999999993,4077.454999999993,74587
2026-07-29T18:30:00+00:00,4077.454999999993,4119.794999999993,4062.064999999993,4117.114999999993,87448
2026-07-29T19:00:00+00:00,4117.114999999993,4126.364999999993,4091.034999999993,4093.974999999993,81908
2026-07-29T19:30:00+00:00,4093.974999999993,4098.374999999993,4054.494999999993,4054.844999999993,79410
2026-07-29T20:00:00+00:00,4054.844999999993,4067.464999999993,4052.924999999993,4065.724999999993,37775
2026-07-29T20:30:00+00:00,4065.724999999993,4080.264999999993,4064.044999999993,4077.914999999993,16122
2026-07-29T22:00:00+00:00,4077.914999999993,4091.5649999999932,4073.144999999993,4088.724999999993,13472.039102099927
2026-07-29T22:30:00+00:00,4088.724999999993,4104.504999999995,4086.6549999999934,4102.234999999995,10479
2026-07-29T23:00:00+00:00,4102.234999999995,4114.054999999996,4102.024999999995,4107.524999999997,11117
2026-07-29T23:30:00+00:00,4107.524999999997,4108.314999999996,4098.234999999993,4098.324999999993,24334
2026-07-30T00:00:00+00:00,4098.324999999993,4100.5349999999935,4086.664999999994,4089.164999999994,41202
2026-07-30T00:30:00+00:00,4089.164999999994,4090.734999999994,4078.774999999994,4086.094999999994,27669
2026-07-30T01:00:00+00:00,4086.094999999994,4106.694999999994,4084.504999999994,4094.9449999999933,45123
2026-07-30T01:30:00+00:00,4094.9449999999933,4104.884999999995,4094.584999999993,4098.564999999995,27494
2026-07-30T02:00:00+00:00,4098.564999999995,4104.1649999999945,4093.824999999996,4096.554999999998,21664
2026-07-30T02:30:00+00:00,4096.554999999998,4096.554999999998,4077.3849999999975,4077.4549999999977,28014
2026-07-30T03:00:00+00:00,4077.4549999999977,4084.0549999999976,4066.3049999999976,4067.6449999999977,23343
2026-07-30T03:30:00+00:00,4067.6449999999977,4073.524999999998,4064.564999999998,4072.6649999999977,17765
2026-07-30T04:00:00+00:00,4072.6649999999977,4074.0749999999975,4064.8049999999976,4067.9349999999977,13587
2026-07-30T04:30:00+00:00,4067.9349999999977,4067.9349999999977,4058.3349999999978,4059.8949999999977,14369
2026-07-30T05:00:00+00:00,4059.8949999999977,4061.024999999998,4051.544999999998,4060.7849999999976,19676
2026-07-30T05:30:00+00:00,4060.7849999999976,4065.174999999998,4042.0349999999976,4047.5749999999975,38744
2026-07-30T06:00:00+00:00,4047.5749999999975,4053.214999999998,4043.294999999998,4046.984999999998,30163
2026-07-30T06:30:00+00:00,4046.984999999998,4054.3449999999975,4044.8949999999977,4050.524999999998,20984
2026-07-30T07:00:00+00:00,4050.524999999998,4065.2449999999976,4049.4549999999977,4059.6449999999977,29357
2026-07-30T07:30:00+00:00,4059.6449999999977,4060.9549999999977,4049.984999999998,4052.8049999999976,21265
2026-07-30T08:00:00+00:00,4052.8049999999976,4082.1849999999977,4050.5749999999975,4078.444999999998,27813
2026-07-30T08:30:00+00:00,4078.444999999998,4086.2949999999983,4072.934999999998,4074.884999999998,24109
2026-07-30T09:00:00+00:00,4074.884999999998,4085.824999999998,4073.884999999998,4081.024999999998,20759
2026-07-30T09:30:00+00:00,4081.024999999998,4086.554999999998,4074.074999999998,4076.874999999998,18082
2026-07-30T10:00:00+00:00,4076.874999999998,4091.104999999998,4076.534999999998,4089.694999999998,24379
2026-07-30T10:30:00+00:00,4089.694999999998,4096.454999999998,4088.664999999998,4091.7949999999987,21242
2026-07-30T11:00:00+00:00,4091.7949999999987,4096.244999999999,4090.0949999999984,4091.6449999999986,17685
2026-07-30T11:30:00+00:00,4091.6449999999986,4094.1449999999986,4089.1249999999986,4091.2149999999983,16053
2026-07-30T12:00:00+00:00,4091.2149999999983,4095.9649999999983,4085.1149999999984,4090.2749999999983,21149
2026-07-30T12:30:00+00:00,4090.2749999999983,4099.854999999999,4080.6349999999984,4082.4749999999985,38706
2026-07-30T13:00:00+00:00,4082.4749999999985,4097.394999999999,4078.6949999999983,4093.7049999999986,42659
2026-07-30T13:30:00+00:00,4093.7049999999986,4125.584999999998,4088.4549999999986,4125.414999999998,69459
2026-07-30T14:00:00+00:00,4125.414999999998,4133.474999999998,4100.564999999999,4109.604999999998,55826
2026-07-30T14:30:00+00:00,4109.604999999998,4126.224999999998,4108.204999999998,4113.504999999998,35532
2026-07-30T15:00:00+00:00,4113.504999999998,4113.694999999998,4096.644999999998,4109.525,42435
2026-07-30T15:30:00+00:00,4109.525,4123.555,4106.0650000000005,4121.695,26270
2026-07-30T16:00:00+00:00,4121.695,4132.665,4121.285,4129.455,19535
2026-07-30T16:30:00+00:00,4129.455,4129.825,4120.115,4124.195,15528
2026-07-30T17:00:00+00:00,4124.195,4124.705,4112.014999999999,4115.135,16901
2026-07-30T17:30:00+00:00,4115.135,4121.915,4113.455,4116.155,19098
2026-07-30T18:00:00+00:00,4116.155,4120.264999999999,4114.275,4116.9349999999995,13852
2026-07-30T18:30:00+00:00,4116.9349999999995,4121.285,4112.245,4113.245,12721
2026-07-30T19:00:00+00:00,4113.245,4128.375,4112.245,4126.285,13385
2026-07-30T19:30:00+00:00,4126.285,4128.785,4122.615,4125.485,11816
2026-07-30T20:00:00+00:00,4125.485,4130.825,4123.485,4125.4349999999995,10214
2026-07-30T20:30:00+00:00,4125.4349999999995,4125.945,4112.305,4116.455,7098
2026-07-30T22:00:00+00:00,4116.455,4121.715,4112.335,4120.974999999999,7274.5849499358665
2026-07-30T22:30:00+00:00,4120.974999999999,4124.405,4120.384999999999,4122.255,4764
2026-07-30T23:00:00+00:00,4122.255,4124.955,4117.304999999999,4117.325,5717
2026-07-30T23:30:00+00:00,4117.325,4123.075,4115.325,4119.014999999999,7385
2026-07-31T00:00:00+00:00,4119.014999999999,4120.1849999999995,4109.344999999999,4109.585,15873
2026-07-31T00:30:00+00:00,4109.585,4110.625,4103.665000000003,4107.785000000003,13321
2026-07-31T01:00:00+00:00,4107.785000000003,4114.6150000000025,4099.875000000002,4105.165000000002,23463
2026-07-31T01:30:00+00:00,4105.165000000002,4105.205000000002,4095.0950000000043,4097.435000000005,16520
2026-07-31T02:00:00+00:00,4097.435000000005,4103.495000000005,4094.645000000004,4095.425000000005,11804
2026-07-31T02:30:00+00:00,4095.425000000005,4097.605000000005,4087.3650000000052,4089.195000000005,13316
2026-07-31T03:00:00+00:00,4089.195000000005,4089.355000000005,4085.125000000005,4088.385000000005,11826
2026-07-31T03:30:00+00:00,4088.385000000005,4092.675000000005,4087.335000000005,4088.155000000005,8059
2026-07-31T04:00:00+00:00,4088.155000000005,4093.165000000005,4086.545000000005,4093.165000000005,6581
2026-07-31T04:30:00+00:00,4093.165000000005,4094.665000000005,4087.665000000005,4093.235000000005,5063
2026-07-31T05:00:00+00:00,4093.235000000005,4096.345000000005,4092.625000000005,4094.025000000005,6177
2026-07-31T05:30:00+00:00,4094.025000000005,4094.665000000005,4086.445000000005,4087.405000000005,12936
2026-07-31T06:00:00+00:00,4087.405000000005,4100.485000000006,4085.8450000000053,4097.965000000006,13087
2026-07-31T06:30:00+00:00,4097.965000000006,4098.1250000000055,4089.5650000000055,4090.8850000000057,16610
2026-07-31T07:00:00+00:00,4090.8850000000057,4092.4150000000054,4085.2350000000056,4085.7950000000055,11745
2026-07-31T07:30:00+00:00,4085.7950000000055,4087.5450000000055,4080.7350000000056,4080.8550000000055,10921
2026-07-31T08:00:00+00:00,4080.8550000000055,4080.8550000000055,4071.0450000000055,4071.7950000000055,15619
2026-07-31T08:30:00+00:00,4071.7950000000055,4077.6450000000054,4067.5050000000056,4074.205000000006,14667
2026-07-31T09:00:00+00:00,4074.205000000006,4077.1050000000055,4064.475000000006,4065.3850000000057,14480
2026-07-31T09:30:00+00:00,4065.3850000000057,4070.2350000000056,4063.4150000000054,4068.2350000000056,9363
2026-07-31T10:00:00+00:00,4068.2350000000056,4071.475000000006,4065.1750000000056,4066.2950000000055,8386
2026-07-31T10:30:00+00:00,4066.2950000000055,4070.2750000000055,4066.0250000000055,4067.6750000000056,8288
2026-07-31T11:00:00+00:00,4067.6750000000056,4074.1750000000056,4065.3750000000055,4071.995000000006,13017
2026-07-31T11:30:00+00:00,4071.995000000006,4071.995000000006,4063.7950000000055,4066.8250000000057,11201
2026-07-31T12:00:00+00:00,4066.8250000000057,4072.4350000000054,4060.1850000000054,4060.1850000000054,14048
2026-07-31T12:30:00+00:00,4060.1850000000054,4064.6150000000057,4053.6450000000054,4053.8650000000057,19368
2026-07-31T13:00:00+00:00,4053.8650000000057,4059.8750000000055,4047.8450000000057,4055.7350000000056,28214
2026-07-31T13:30:00+00:00,4055.7350000000056,4056.9150000000054,4035.1950000000056,4038.7950000000055,53369
2026-07-31T14:00:00+00:00,4038.7950000000055,4053.245000000006,4034.265000000006,4051.9650000000056,50721
2026-07-31T14:30:00+00:00,4051.9650000000056,4063.4250000000056,4049.6650000000054,4062.265000000006,30032
2026-07-31T15:00:00+00:00,4062.265000000006,4065.3750000000055,4053.2550000000056,4054.1850000000054,30890
2026-07-31T15:30:00+00:00,4054.1850000000054,4059.8950000000054,4049.8150000000055,4058.6050000000055,24958
2026-07-31T16:00:00+00:00,4058.6050000000055,4061.4450000000056,4054.475000000006,4060.5450000000055,18325
2026-07-31T16:30:00+00:00,4060.5450000000055,4062.8550000000055,4054.3150000000055,4056.4150000000054,14839
2026-07-31T17:00:00+00:00,4056.4150000000054,4066.4350000000054,4054.6450000000054,4063.475000000006,15850
2026-07-31T17:30:00+00:00,4063.475000000006,4067.765000000006,4060.9150000000054,4066.8350000000055,18368
2026-07-31T18:00:00+00:00,4066.8350000000055,4068.3450000000057,4060.1950000000056,4064.205000000006,15510
2026-07-31T18:30:00+00:00,4064.205000000006,4064.7550000000056,4061.0650000000055,4063.8550000000055,8524
2026-07-31T19:00:00+00:00,4063.8550000000055,4066.0950000000057,4060.1450000000054,4063.7150000000056,8955
2026-07-31T19:30:00+00:00,4063.7150000000056,4068.6650000000054,4062.0450000000055,4064.0050000000056,17480
2026-07-31T20:00:00+00:00,4064.0050000000056,4064.9250000000056,4058.3550000000055,4060.725000000006,9869
2026-07-31T20:30:00+00:00,4060.725000000006,4066.0950000000057,4060.2950000000055,4064.0250000000055,4152
2026-08-02T22:00:00+00:00,4064.0250000000055,4087.315000000006,4057.0250000000055,4073.895000000006,14512.861174481333
2026-08-02T22:30:00+00:00,4073.895000000006,4076.435000000006,4071.355000000006,4071.725000000006,8438
2026-08-02T23:00:00+00:00,4071.725000000006,4080.5550000000057,4071.135000000006,4079.985000000006,7936
2026-08-02T23:30:00+00:00,4079.985000000006,4083.0350000000058,4075.955000000006,4082.935000000006,9965
2026-08-03T00:00:00+00:00,4082.935000000006,4087.005000000006,4069.235000000006,4072.355000000006,23631
2026-08-03T00:30:00+00:00,4072.355000000006,4078.075000000006,4063.595000000006,4065.165000000006,25774
2026-08-03T01:00:00+00:00,4065.165000000006,4071.165000000006,4055.425000000006,4060.755000000006,30580
2026-08-03T01:30:00+00:00,4060.755000000006,4065.415000000006,4055.595000000006,4064.625000000006,20700
2026-08-03T02:00:00+00:00,4064.625000000006,4069.025000000006,4059.985000000006,4066.125000000006,14714
2026-08-03T02:30:00+00:00,4066.125000000006,4075.075000000006,4060.475000000006,4070.485000000006,17314
2026-08-03T03:00:00+00:00,4070.485000000006,4075.955000000006,4068.925000000006,4071.915000000006,13037
2026-08-03T03:30:00+00:00,4071.915000000006,4074.765000000006,4067.275000000006,4073.005000000006,9700
2026-08-03T04:00:00+00:00,4073.005000000006,4079.005000000006,4072.235000000006,4076.185000000006,7740
2026-08-03T04:30:00+00:00,4076.185000000006,4079.875000000006,4071.775000000006,4071.795000000006,8550
2026-08-03T05:00:00+00:00,4071.795000000006,4073.345000000006,4062.105000000006,4068.265000000006,10427
2026-08-03T05:30:00+00:00,4068.265000000006,4077.845000000006,4063.085000000006,4076.815000000006,15262
2026-08-03T06:00:00+00:00,4076.815000000006,4079.955000000006,4073.425000000006,4076.465000000006,16449
2026-08-03T06:30:00+00:00,4076.465000000006,4076.895000000006,4068.235000000006,4071.995000000006,14532
2026-08-03T07:00:00+00:00,4071.995000000006,4073.115000000006,4060.015000000006,4066.085000000006,20670
2026-08-03T07:30:00+00:00,4066.085000000006,4071.265000000006,4064.615000000006,4069.0350000000058,11238
2026-08-03T08:00:00+00:00,4069.0350000000058,4070.455000000006,4062.215000000006,4063.995000000006,13343
2026-08-03T08:30:00+00:00,4063.995000000006,4068.675000000006,4062.895000000006,4067.385000000006,11508
2026-08-03T09:00:00+00:00,4067.385000000006,4070.075000000006,4060.125000000006,4060.545000000006,10572
2026-08-03T09:30:00+00:00,4060.545000000006,4066.045000000006,4054.5350000000058,4063.215000000006,13459
2026-08-03T10:00:00+00:00,4063.215000000006,4065.075000000006,4059.885000000006,4061.375000000006,10235
2026-08-03T10:30:00+00:00,4061.375000000006,4061.7850000000058,4054.075000000006,4057.365000000006,9100
2026-08-03T11:00:00+00:00,4057.365000000006,4060.875000000006,4053.445000000006,4056.475000000006,11960
2026-08-03T11:30:00+00:00,4056.475000000006,4071.145000000006,4055.995000000006,4070.475000000006,12578
2026-08-03T12:00:00+00:00,4070.475000000006,4072.575000000006,4056.595000000006,4058.855000000006,15284
2026-08-03T12:30:00+00:00,4058.855000000006,4060.895000000006,4050.265000000006,4055.705000000006,15602
2026-08-03T13:00:00+00:00,4055.705000000006,4061.515000000006,4039.605000000006,4042.235000000006,31404
2026-08-03T13:30:00+00:00,4042.235000000006,4043.475000000006,4027.075000000006,4039.715000000006,46954
2026-08-03T14:00:00+00:00,4039.715000000006,4044.085000000006,4034.585000000006,4040.565000000006,33234
2026-08-03T14:30:00+00:00,4040.565000000006,4047.235000000006,4039.865000000006,4044.195000000006,20016
2026-08-03T15:00:00+00:00,4044.195000000006,4046.365000000006,4038.515000000006,4040.775000000006,21381
2026-08-03T15:30:00+00:00,4040.775000000006,4048.945000000006,4038.925000000006,4044.145000000006,15708
2026-08-03T16:00:00+00:00,4044.145000000006,4046.455000000006,4042.585000000006,4044.885000000006,10184
2026-08-03T16:30:00+00:00,4044.885000000006,4047.195000000006,4043.495000000006,4044.995000000006,9784
2026-08-03T17:00:00+00:00,4044.995000000006,4045.765000000006,4041.465000000006,4042.365000000006,10344
2026-08-03T17:30:00+00:00,4042.365000000006,4044.825000000006,4038.195000000006,4038.5350000000058,7841
2026-08-03T18:00:00+00:00,4038.5350000000058,4046.835000000006,4037.705000000006,4045.895000000006,10067
2026-08-03T18:30:00+00:00,4045.895000000006,4053.005000000006,4044.415000000006,4051.515000000006,8228
2026-08-03T19:00:00+00:00,4051.515000000006,4062.305000000006,4051.425000000006,4061.0350000000058,13732
2026-08-03T19:30:00+00:00,4061.0350000000058,4063.7850000000058,4059.585000000006,4059.915000000006,9978
2026-08-03T20:00:00+00:00,4059.915000000006,4063.855000000006,4058.255000000006,4062.215000000006,3891
2026-08-03T20:30:00+00:00,4062.215000000006,4066.045000000006,4061.585000000006,4062.895000000006,3395
2026-08-03T22:00:00+00:00,4062.895000000006,4073.165000000006,4062.895000000006,4069.7650000000062,2974.7481841068698
2026-08-03T22:30:00+00:00,4069.7650000000062,4071.185000000006,4068.875000000006,4070.455000000006,2918
2026-08-03T23:00:00+00:00,4070.455000000006,4072.755000000006,4067.635000000006,4069.415000000006,4353
2026-08-03T23:30:00+00:00,4069.415000000006,4071.755000000006,4068.825000000006,4071.625000000006,3327
2026-08-04T00:00:00+00:00,4071.625000000006,4086.835000000006,4070.735000000006,4076.835000000006,14348
2026-08-04T00:30:00+00:00,4076.835000000006,4078.385000000006,4066.485000000006,4067.095000000006,10919
2026-08-04T01:00:00+00:00,4067.095000000006,4070.045000000006,4060.2650000000062,4066.855000000006,19796
2026-08-04T01:30:00+00:00,4066.855000000006,4079.335000000006,4066.125000000006,4076.445000000006,15466
2026-08-04T02:00:00+00:00,4076.445000000006,4078.885000000006,4073.2450000000063,4074.465000000006,13436
2026-08-04T02:30:00+00:00,4074.465000000006,4082.795000000006,4073.415000000006,4076.655000000006,13236
2026-08-04T03:00:00+00:00,4076.655000000006,4079.365000000006,4074.255000000006,4075.505000000006,10572
2026-08-04T03:30:00+00:00,4075.505000000006,4076.535000000006,4069.775000000006,4070.085000000006,7122
2026-08-04T04:00:00+00:00,4070.085000000006,4079.285000000006,4068.835000000006,4078.9950000000063,6951
2026-08-04T04:30:00+00:00,4078.9950000000063,4083.885000000006,4078.135000000006,4081.645000000006,5985
2026-08-04T05:00:00+00:00,4081.645000000006,4082.395000000006,4074.9950000000063,4080.845000000006,6251
2026-08-04T05:30:00+00:00,4080.845000000006,4085.355000000006,4076.425000000006,4079.645000000006,11324
2026-08-04T06:00:00+00:00,4079.645000000006,4083.965000000006,4077.155000000006,4077.595000000006,11549
2026-08-04T06:30:00+00:00,4077.595000000006,4081.345000000006,4073.405000000006,4081.075000000006,9844
2026-08-04T07:00:00+00:00,4081.075000000006,4083.545000000006,4078.4950000000063,4080.665000000006,10926
2026-08-04T07:30:00+00:00,4080.665000000006,4084.435000000006,4079.0150000000062,4083.215000000006,8501
2026-08-04T08:00:00+00:00,4083.215000000006,4090.545000000006,4078.075000000006,4081.145000000006,12525
2026-08-04T08:30:00+00:00,4081.145000000006,4082.195000000006,4072.275000000006,4072.695000000006,11620
2026-08-04T09:00:00+00:00,4072.695000000006,4073.115000000006,4066.225000000006,4067.985000000006,10460
2026-08-04T09:30:00+00:00,4067.985000000006,4069.045000000006,4063.955000000006,4067.535000000006,8016
2026-08-04T10:00:00+00:00,4067.535000000006,4067.625000000006,4063.2650000000062,4066.805000000006,6536
2026-08-04T10:30:00+00:00,4066.805000000006,4078.385000000006,4064.215000000006,4071.555000000006,17991
2026-08-04T11:00:00+00:00,4071.555000000006,4078.585000000006,4069.945000000006,4078.435000000006,11765
2026-08-04T11:30:00+00:00,4078.435000000006,4102.015000000007,4077.545000000006,4092.7450000000067,30049
2026-08-04T12:00:00+00:00,4092.7450000000067,4093.3750000000064,4078.7150000000065,4085.7550000000065,21400
2026-08-04T12:30:00+00:00,4085.7550000000065,4102.015000000007,4085.7550000000065,4088.4950000000067,21695
2026-08-04T13:00:00+00:00,4088.4950000000067,4108.665000000006,4078.9150000000063,4096.285000000007,30478
2026-08-04T13:30:00+00:00,4096.285000000007,4111.495000000008,4093.6850000000063,4101.545000000007,40556
2026-08-04T14:00:00+00:00,4101.545000000007,4109.475000000006,4098.365000000008,4101.455000000009,26799
2026-08-04T14:30:00+00:00,4101.455000000009,4104.435000000009,4092.1450000000095,4101.16500000001,26473
2026-08-04T15:00:00+00:00,4101.16500000001,4103.365000000011,4092.5750000000103,4096.12500000001,19154
2026-08-04T15:30:00+00:00,4096.12500000001,4106.525000000011,4094.39500000001,4104.905000000012,21315
2026-08-04T16:00:00+00:00,4104.905000000012,4107.45500000001,4100.555000000009,4105.18500000001,14192
2026-08-04T16:30:00+00:00,4105.18500000001,4111.2350000000115,4102.565000000011,4110.915000000012,10926
2026-08-04T17:00:00+00:00,4110.915000000012,4123.875000000013,4110.135000000012,4112.415000000012,18233
2026-08-04T17:30:00+00:00,4112.415000000012,4114.185000000013,4103.7850000000135,4103.7850000000135,11885
2026-08-04T18:00:00+00:00,4103.7850000000135,4106.6950000000115,4101.7250000000095,4102.27500000001,12053
2026-08-04T18:30:00+00:00,4102.27500000001,4103.445000000009,4092.855000000009,4097.625000000008,11218
2026-08-04T19:00:00+00:00,4097.625000000008,4102.455000000008,4096.505000000008,4097.955000000007,8187
2026-08-04T19:30:00+00:00,4097.955000000007,4100.2650000000085,4094.045000000007,4096.175000000007,9576
2026-08-04T20:00:00+00:00,4096.175000000007,4097.945000000006,4092.4350000000063,4093.1250000000064,7206
2026-08-04T20:30:00+00:00,4093.1250000000064,4096.2150000000065,4093.0450000000064,4095.0050000000065,4722
2026-08-04T22:00:00+00:00,4095.0050000000065,4097.915000000006,4093.6650000000063,4097.815000000006,3904.459388038943
2026-08-04T22:30:00+00:00,4097.815000000006,4103.815000000005,4093.6850000000036,4093.6850000000036,6428
2026-08-04T23:00:00+00:00,4093.6850000000036,4095.155000000004,4083.445000000004,4085.2550000000037,8870
2026-08-04T23:30:00+00:00,4085.2550000000037,4091.515000000004,4083.805000000004,4090.425000000004,4855
2026-08-05T00:00:00+00:00,4090.425000000004,4096.855000000004,4088.2550000000037,4096.5350000000035,9608
2026-08-05T00:30:00+00:00,4096.5350000000035,4101.4550000000045,4095.7250000000035,4100.395000000004,8243
2026-08-05T01:00:00+00:00,4100.395000000004,4106.605000000003,4095.575000000004,4102.555000000006,18805
2026-08-05T01:30:00+00:00,4102.555000000006,4120.405000000004,4098.345000000005,4119.295000000005,13891
2026-08-05T02:00:00+00:00,4119.295000000005,4126.125000000005,4113.575000000004,4121.585000000005,13518
2026-08-05T02:30:00+00:00,4121.585000000005,4153.365000000004,4119.465000000004,4146.985000000004,26675
2026-08-05T03:00:00+00:00,4146.985000000004,4154.485000000004,4144.765000000004,4148.385000000004,14304
2026-08-05T03:30:00+00:00,4148.385000000004,4148.685000000004,4145.385000000004,4146.095000000004,6998
2026-08-05T04:00:00+00:00,4146.095000000004,4159.315000000004,4146.075000000004,4156.395000000004,9105
2026-08-05T04:30:00+00:00,4156.395000000004,4156.585000000005,4150.575000000004,4153.405000000004,6101
2026-08-05T05:00:00+00:00,4153.405000000004,4160.125000000005,4152.625000000005,4157.335000000005,7764
2026-08-05T05:30:00+00:00,4157.335000000005,4190.835000000005,4157.335000000005,4179.685000000004,31080
2026-08-05T06:00:00+00:00,4179.685000000004,4192.265000000004,4178.035000000004,4186.6650000000045,19301
2026-08-05T06:30:00+00:00,4186.6650000000045,4196.335000000005,4184.905000000004,4195.355000000004,15297
2026-08-05T07:00:00+00:00,4195.355000000004,4197.485000000004,4181.095000000004,4182.175000000004,15925
2026-08-05T07:30:00+00:00,4182.175000000004,4190.005000000005,4180.185000000004,4188.805000000004,10237
2026-08-05T08:00:00+00:00,4188.805000000004,4190.6650000000045,4179.995000000004,4182.4150000000045,11900
2026-08-05T08:30:00+00:00,4182.4150000000045,4184.985000000004,4177.025000000004,4178.475000000004,12366
2026-08-05T09:00:00+00:00,4178.475000000004,4185.005000000005,4173.085000000005,4175.595000000004,11585
2026-08-05T09:30:00+00:00,4175.595000000004,4177.1650000000045,4171.095000000004,4175.9150000000045,10720
2026-08-05T10:00:00+00:00,4175.9150000000045,4176.585000000005,4168.105000000004,4174.645000000004,8484
2026-08-05T10:30:00+00:00,4174.645000000004,4179.585000000005,4171.535000000004,4179.435000000004,7738
2026-08-05T11:00:00+00:00,4179.435000000004,4198.485000000004,4178.855000000004,4193.845000000004,13766
2026-08-05T11:30:00+00:00,4193.845000000004,4210.595000000004,4192.055000000004,4206.725000000004,20786
2026-08-05T12:00:00+00:00,4206.725000000004,4231.375000000005,4206.725000000004,4223.1650000000045,25825
2026-08-05T12:30:00+00:00,4223.1650000000045,4226.965000000004,4201.025000000004,4201.935000000004,22876
2026-08-05T13:00:00+00:00,4201.935000000004,4215.895000000004,4201.865000000004,4214.935000000004,26234
2026-08-05T13:30:00+00:00,4214.935000000004,4224.625000000005,4207.435000000004,4223.7050000000045,45404
2026-08-05T14:00:00+00:00,4223.7050000000045,4258.645000000004,4221.335000000005,4255.055000000004,60178
2026-08-05T14:30:00+00:00,4255.055000000004,4265.375000000005,4246.875000000005,4262.075000000004,47421
2026-08-05T15:00:00+00:00,4262.075000000004,4282.9550000000045,4260.755000000005,4275.375000000005,39427
2026-08-05T15:30:00+00:00,4275.375000000005,4277.7050000000045,4249.995000000004,4250.525000000004,29741
2026-08-05T16:00:00+00:00,4250.525000000004,4259.715000000004,4242.755000000005,4259.4550000000045,28837
2026-08-05T16:30:00+00:00,4259.4550000000045,4265.265000000004,4256.365000000004,4260.305000000004,18938
2026-08-05T17:00:00+00:00,4260.305000000004,4264.375000000005,4254.775000000004,4262.725000000004,20256
2026-08-05T17:30:00+00:00,4262.725000000004,4270.235000000004,4258.845000000004,4268.155000000004,16962
2026-08-05T18:00:00+00:00,4268.155000000004,4285.765000000004,4267.105000000004,4280.805000000004,16589
2026-08-05T18:30:00+00:00,4280.805000000004,4281.585000000005,4272.525000000004,4278.825000000004,14576
2026-08-05T19:00:00+00:00,4278.825000000004,4280.045000000005,4268.355000000004,4270.735000000004,14281
2026-08-05T19:30:00+00:00,4270.735000000004,4271.825000000004,4264.225000000004,4265.035000000004,18860
2026-08-05T20:00:00+00:00,4265.035000000004,4267.535000000004,4263.395000000004,4264.225000000004,6188
2026-08-05T20:30:00+00:00,4264.225000000004,4267.495000000004,4261.115000000004,4265.055000000004,3923
2026-08-05T22:00:00+00:00,4265.055000000004,4272.775000000005,4263.145000000004,4266.795000000005,5505.831581218608
2026-08-05T22:30:00+00:00,4266.795000000005,4269.215000000005,4266.465000000005,4268.905000000005,4045
2026-08-05T23:00:00+00:00,4268.905000000005,4283.075000000005,4268.115000000005,4282.565000000005,6035
2026-08-05T23:30:00+00:00,4282.565000000005,4300.855000000005,4280.035000000005,4296.945000000005,15075
2026-08-06T00:00:00+00:00,4296.945000000005,4303.565000000005,4283.445000000005,4292.845000000005,27027
2026-08-06T00:30:00+00:00,4292.845000000005,4319.215000000005,4292.595000000005,4313.605000000005,24916
2026-08-06T01:00:00+00:00,4313.605000000005,4321.385000000005,4291.785000000005,4294.955000000005,41559
2026-08-06T01:30:00+00:00,4294.955000000005,4316.215000000005,4294.715000000005,4305.375000000005,32966
2026-08-06T02:00:00+00:00,4305.375000000005,4322.965000000005,4302.275000000005,4311.105000000005,21233
2026-08-06T02:30:00+00:00,4311.105000000005,4311.365000000005,4293.9150000000045,4297.485000000005,23272
2026-08-06T03:00:00+00:00,4297.485000000005,4299.815000000005,4279.835000000005,4285.175000000005,22558
2026-08-06T03:30:00+00:00,4285.175000000005,4285.565000000005,4279.4150000000045,4284.675000000005,12568
2026-08-06T04:00:00+00:00,4284.675000000005,4286.095000000005,4271.805000000005,4274.285000000005,11772
2026-08-06T04:30:00+00:00,4274.285000000005,4281.845000000005,4274.285000000005,4281.095000000005,9515
2026-08-06T05:00:00+00:00,4281.095000000005,4284.215000000005,4271.905000000005,4272.875000000005,14395
2026-08-06T05:30:00+00:00,4272.875000000005,4287.325000000005,4266.085000000005,4286.145000000005,20704
2026-08-06T06:00:00+00:00,4286.145000000005,4287.395000000005,4273.325000000005,4276.535000000005,16521
2026-08-06T06:30:00+00:00,4276.535000000005,4276.995000000005,4268.125000000005,4274.865000000005,13316
2026-08-06T07:00:00+00:00,4274.865000000005,4284.105000000005,4272.095000000005,4280.735000000005,12582
2026-08-06T07:30:00+00:00,4280.735000000005,4281.765000000005,4271.225000000005,4281.555000000005,10395
2026-08-06T08:00:00+00:00,4281.555000000005,4289.145000000005,4279.145000000005,4286.685000000005,12716
2026-08-06T08:30:00+00:00,4286.685000000005,4297.745000000005,4285.225000000005,4297.115000000005,14375
2026-08-06T09:00:00+00:00,4297.115000000005,4303.535000000005,4294.985000000005,4302.335000000005,13774
2026-08-06T09:30:00+00:00,4302.335000000005,4303.185000000005,4290.145000000005,4291.865000000005,10136
2026-08-06T10:00:00+00:00,4291.865000000005,4292.425000000005,4285.985000000005,4288.035000000005,11101
2026-08-06T10:30:00+00:00,4288.035000000005,4290.395000000005,4283.495000000005,4289.765000000005,9645
2026-08-06T11:00:00+00:00,4289.765000000005,4292.295000000005,4279.345000000005,4283.005000000005,13285
2026-08-06T11:30:00+00:00,4283.005000000005,4285.835000000005,4273.245000000005,4282.135000000005,14526
2026-08-06T12:00:00+00:00,4282.135000000005,4284.505000000005,4272.145000000005,4280.515000000005,16590
2026-08-06T12:30:00+00:00,4280.515000000005,4289.555000000005,4267.995000000005,4269.1650000000045,19958
2026-08-06T13:00:00+00:00,4269.1650000000045,4274.735000000005,4249.725000000005,4266.625000000005,32300
2026-08-06T13:30:00+00:00,4266.625000000005,4293.035000000005,4264.6650000000045,4285.865000000005,46670
2026-08-06T14:00:00+00:00,4285.865000000005,4294.105000000005,4279.045000000005,4284.205000000005,34956
2026-08-06T14:30:00+00:00,4284.205000000005,4293.815000000005,4281.625000000005,4291.905000000005,29614
2026-08-06T15:00:00+00:00,4291.905000000005,4293.105000000005,4269.435000000005,4273.755000000005,32922
2026-08-06T15:30:00+00:00,4273.755000000005,4274.475000000005,4248.335000000005,4252.625000000005,31454
2026-08-06T16:00:00+00:00,4252.625000000005,4261.795000000005,4242.285000000005,4249.015000000005,40041
2026-08-06T16:30:00+00:00,4249.015000000005,4261.405000000005,4248.9150000000045,4260.215000000005,22330
2026-08-06T17:00:00+00:00,4260.215000000005,4263.325000000005,4257.275000000005,4260.655000000005,18509
2026-08-06T17:30:00+00:00,4260.655000000005,4266.965000000005,4257.375000000005,4265.995000000005,13544
2026-08-06T18:00:00+00:00,4265.995000000005,4268.515000000005,4263.005000000005,4265.575000000005,13516
2026-08-06T18:30:00+00:00,4265.575000000005,4266.655000000005,4259.6650000000045,4262.245000000005,8959
2026-08-06T19:00:00+00:00,4262.245000000005,4270.195000000005,4254.045000000005,4256.255000000005,15425
2026-08-06T19:30:00+00:00,4256.255000000005,4269.535000000005,4251.815000000005,4267.695000000005,22466
2026-08-06T20:00:00+00:00,4267.695000000005,4269.005000000005,4258.765000000005,4260.745000000005,6595
2026-08-06T20:30:00+00:00,4260.745000000005,4261.315000000005,4253.715000000005,4258.365000000005,5099
2026-08-06T22:00:00+00:00,4258.365000000005,4258.405000000005,4249.355000000005,4256.165000000005,2995.1448316264537
2026-08-06T22:30:00+00:00,4256.165000000005,4257.115000000005,4252.565000000005,4254.3750000000055,2975
2026-08-06T23:00:00+00:00,4254.3750000000055,4259.715000000006,4253.8350000000055,4258.705000000005,3358
2026-08-06T23:30:00+00:00,4258.705000000005,4266.645000000005,4258.215000000006,4265.915000000005,6925
2026-08-07T00:00:00+00:00,4265.915000000005,4266.315000000005,4252.8750000000055,4257.705000000005,17664
2026-08-07T00:30:00+00:00,4257.705000000005,4257.705000000005,4243.255000000006,4246.275000000005,21082
2026-08-07T01:00:00+00:00,4246.275000000005,4263.785000000005,4245.435000000005,4257.005000000006,28721
2026-08-07T01:30:00+00:00,4257.005000000006,4272.895000000005,4252.825000000005,4270.475000000005,22157
2026-08-07T02:00:00+00:00,4270.475000000005,4275.1250000000055,4269.655000000005,4274.5450000000055,11705
2026-08-07T02:30:00+00:00,4274.5450000000055,4275.235000000005,4260.825000000005,4263.895000000005,17263
2026-08-07T03:00:00+00:00,4263.895000000005,4273.035000000005,4263.245000000005,4272.3350000000055,15395
2026-08-07T03:30:00+00:00,4272.3350000000055,4280.1250000000055,4271.145000000005,4279.945000000005,8791
2026-08-07T04:00:00+00:00,4279.945000000005,4282.905000000005,4275.445000000005,4278.495000000005,13444
2026-08-07T04:30:00+00:00,4278.495000000005,4282.0450000000055,4274.205000000005,4278.555000000005,9305
2026-08-07T05:00:00+00:00,4278.555000000005,4284.765000000005,4275.575000000005,4280.285000000005,12499
2026-08-07T05:30:00+00:00,4280.285000000005,4294.055000000005,4279.655000000005,4292.405000000005,20234
2026-08-07T06:00:00+00:00,4292.405000000005,4304.985000000005,4292.055000000005,4297.035000000005,20598
2026-08-07T06:30:00+00:00,4297.035000000005,4312.455000000005,4293.705000000005,4310.905000000005,18527
2026-08-07T07:00:00+00:00,4310.905000000005,4311.495000000005,4298.255000000006,4299.145000000005,13386
2026-08-07T07:30:00+00:00,4299.145000000005,4304.805000000005,4296.495000000005,4303.635000000005,11249
2026-08-07T08:00:00+00:00,4303.635000000005,4314.315000000005,4302.615000000005,4308.615000000005,13479
2026-08-07T08:30:00+00:00,4308.615000000005,4329.905000000005,4307.5850000000055,4319.715000000006,17490
2026-08-07T09:00:00+00:00,4319.715000000006,4324.345000000005,4318.245000000005,4320.455000000005,11086
2026-08-07T09:30:00+00:00,4320.455000000005,4334.135000000005,4315.845000000005,4329.705000000005,15793
2026-08-07T10:00:00+00:00,4329.705000000005,4332.985000000005,4321.705000000005,4327.205000000005,11933
2026-08-07T10:30:00+00:00,4327.205000000005,4334.245000000005,4326.655000000005,4330.515000000005,10823
2026-08-07T11:00:00+00:00,4330.515000000005,4340.775000000005,4330.395000000005,4338.655000000005,15818
2026-08-07T11:30:00+00:00,4338.655000000005,4341.3350000000055,4334.3350000000055,4334.775000000005,13216
2026-08-07T12:00:00+00:00,4334.775000000005,4338.915000000005,4314.655000000005,4323.3350000000055,20848
2026-08-07T12:30:00+00:00,4323.3350000000055,4385.385000000005,4323.3350000000055,4375.025000000005,58613
2026-08-07T13:00:00+00:00,4375.025000000005,4376.815000000005,4353.155000000005,4369.815000000005,41982
2026-08-07T13:30:00+00:00,4369.815000000005,4381.425000000006,4355.935000000005,4361.755000000006,57917
2026-08-07T14:00:00+00:00,4361.755000000006,4366.345000000005,4341.005000000006,4362.535000000005,73754
2026-08-07T14:30:00+00:00,4362.535000000005,4364.255000000006,4353.975000000005,4355.185000000005,42485
2026-08-07T15:00:00+00:00,4355.185000000005,4372.065000000005,4353.965000000006,4365.055000000005,33021
2026-08-07T15:30:00+00:00,4365.055000000005,4367.505000000006,4353.405000000005,4354.635000000005,26446
2026-08-07T16:00:00+00:00,4354.635000000005,4363.175000000006,4347.975000000005,4351.1250000000055,29782
2026-08-07T16:30:00+00:00,4351.1250000000055,4355.7950000000055,4342.745000000005,4342.745000000005,26354
2026-08-07T17:00:00+00:00,4342.745000000005,4355.815000000005,4341.525000000005,4353.345000000005,20772
2026-08-07T17:30:00+00:00,4353.345000000005,4356.725000000005,4343.405000000005,4353.785000000005,18356
2026-08-07T18:00:00+00:00,4353.785000000005,4356.535000000005,4345.775000000005,4347.935000000005,13630
2026-08-07T18:30:00+00:00,4347.935000000005,4352.345000000005,4346.485000000005,4349.015000000005,9669
2026-08-07T19:00:00+00:00,4349.015000000005,4363.785000000005,4349.015000000005,4362.055000000005,23494
2026-08-07T19:30:00+00:00,4362.055000000005,4362.935000000005,4353.405000000005,4357.525000000005,24484
2026-08-07T20:00:00+00:00,4357.525000000005,4358.645000000005,4350.565000000005,4351.245000000005,5654
2026-08-07T20:30:00+00:00,4351.245000000005,4355.655000000005,4349.525000000005,4354.515000000005,1980
2026-08-09T22:00:00+00:00,4354.515000000005,4369.755000000006,4352.055000000005,4363.575000000005,10426.100770676418
2026-08-09T22:30:00+00:00,4363.575000000005,4365.395000000005,4359.935000000005,4361.675000000006,4167
2026-08-09T23:00:00+00:00,4361.675000000006,4369.0450000000055,4361.315000000005,4366.245000000005,5169
2026-08-09T23:30:00+00:00,4366.245000000005,4367.365000000005,4351.645000000005,4352.765000000005,8962
2026-08-10T00:00:00+00:00,4352.765000000005,4367.155000000005,4352.315000000005,4357.6250000000055,21116
2026-08-10T00:30:00+00:00,4357.6250000000055,4359.425000000006,4350.765000000005,4352.075000000005,18071
2026-08-10T01:00:00+00:00,4352.075000000005,4360.805000000005,4336.135000000006,4336.165000000005,33697
2026-08-10T01:30:00+00:00,4336.165000000005,4344.105000000005,4333.285000000005,4342.3750000000055,26016
2026-08-10T02:00:00+00:00,4342.3750000000055,4352.205000000005,4338.655000000005,4350.895000000005,17124
2026-08-10T02:30:00+00:00,4350.895000000005,4352.505000000006,4338.735000000005,4339.715000000006,17237
2026-08-10T03:00:00+00:00,4339.715000000006,4348.435000000005,4337.695000000005,4347.215000000006,13129
2026-08-10T03:30:00+00:00,4347.215000000006,4349.895000000005,4344.175000000006,4346.785000000005,8488
2026-08-10T04:00:00+00:00,4346.785000000005,4357.715000000006,4342.905000000005,4354.785000000005,10211
2026-08-10T04:30:00+00:00,4354.785000000005,4359.5850000000055,4349.645000000005,4359.455000000005,9351
2026-08-10T05:00:00+00:00,4359.455000000005,4359.8350000000055,4352.665000000005,4353.815000000005,7889
2026-08-10T05:30:00+00:00,4353.815000000005,4372.265000000005,4351.555000000005,4367.385000000006,21954
2026-08-10T06:00:00+00:00,4367.385000000006,4370.115000000005,4361.825000000005,4368.3350000000055,14280
2026-08-10T06:30:00+00:00,4368.3350000000055,4379.825000000005,4365.945000000005,4378.025000000005,13255
2026-08-10T07:00:00+00:00,4378.025000000005,4378.895000000005,4370.065000000005,4375.165000000005,12605
2026-08-10T07:30:00+00:00,4375.165000000005,4382.0850000000055,4372.595000000006,4375.385000000006,12166
2026-08-10T08:00:00+00:00,4375.385000000006,4376.305000000005,4371.535000000005,4375.455000000005,9357
2026-08-10T08:30:00+00:00,4375.455000000005,4376.775000000005,4363.855000000005,4366.665000000005,11431
2026-08-10T09:00:00+00:00,4366.665000000005,4370.025000000005,4364.7950000000055,4366.925000000006,9221
2026-08-10T09:30:00+00:00,4366.925000000006,4367.005000000006,4360.475000000005,4361.165000000005,8523
2026-08-10T10:00:00+00:00,4361.165000000005,4364.205000000005,4359.115000000005,4363.815000000005,8686
2026-08-10T10:30:00+00:00,4363.815000000005,4364.245000000005,4355.215000000006,4355.725000000005,8749
2026-08-10T11:00:00+00:00,4355.725000000005,4356.945000000005,4348.8750000000055,4354.635000000006,10221
2026-08-10T11:30:00+00:00,4354.635000000006,4359.415000000005,4352.025000000005,4355.135000000006,9381
2026-08-10T12:00:00+00:00,4355.135000000006,4357.605000000005,4344.0850000000055,4347.765000000005,13765
2026-08-10T12:30:00+00:00,4347.765000000005,4355.685000000005,4346.385000000006,4352.535000000005,15582
2026-08-10T13:00:00+00:00,4352.535000000005,4357.925000000006,4345.985000000005,4355.115000000005,20493
2026-08-10T13:30:00+00:00,4355.115000000005,4359.985000000005,4336.635000000006,4338.055000000005,54008
2026-08-10T14:00:00+00:00,4338.055000000005,4368.235000000005,4338.025000000005,4365.595000000006,30923
2026-08-10T14:30:00+00:00,4365.595000000006,4371.935000000005,4362.615000000005,4365.435000000005,24976
2026-08-10T15:00:00+00:00,4365.435000000005,4372.6250000000055,4363.0850000000055,4369.265000000005,27634
2026-08-10T15:30:00+00:00,4369.265000000005,4379.6250000000055,4367.785000000005,4378.5850000000055,23722
2026-08-10T16:00:00+00:00,4378.5850000000055,4384.7950000000055,4376.7950000000055,4382.715000000006,30551
2026-08-10T16:30:00+00:00,4382.715000000006,4383.0850000000055,4368.925000000006,4376.905000000005,23829
2026-08-10T17:00:00+00:00,4376.905000000005,4381.325000000005,4371.725000000005,4381.135000000006,20114
2026-08-10T17:30:00+00:00,4381.135000000006,4385.555000000005,4377.735000000005,4380.405000000005,19148
2026-08-10T18:00:00+00:00,4380.405000000005,4387.255000000006,4379.965000000006,4385.955000000005,20376
2026-08-10T18:30:00+00:00,4385.955000000005,4402.645000000005,4385.195000000005,4398.505000000006,25820
2026-08-10T19:00:00+00:00,4398.505000000006,4411.755000000006,4398.485000000005,4410.8750000000055,29769
2026-08-10T19:30:00+00:00,4410.8750000000055,4415.365000000005,4404.325000000005,4408.485000000005,32526
2026-08-10T20:00:00+00:00,4408.485000000005,4412.095000000006,4405.705000000005,4410.995000000005,5624
2026-08-10T20:30:00+00:00,4410.995000000005,4412.055000000005,4408.655000000005,4409.355000000005,3335
2026-08-10T22:00:00+00:00,4409.355000000005,4412.285000000005,4406.055000000005,4410.825000000005,5544.021798365123
2026-08-10T22:30:00+00:00,4410.825000000005,4419.945000000005,4410.805000000005,4418.635000000005,4335
2026-08-10T23:00:00+00:00,4418.635000000005,4420.995000000005,4413.345000000005,4414.255000000006,5144
2026-08-10T23:30:00+00:00,4414.255000000006,4421.3750000000055,4414.005000000006,4421.0850000000055,7757
2026-08-11T00:00:00+00:00,4421.0850000000055,4435.0450000000055,4415.155000000005,4433.005000000006,15919
2026-08-11T00:30:00+00:00,4433.005000000006,4438.105000000005,4426.175000000006,4428.2950000000055,14309
2026-08-11T01:00:00+00:00,4428.2950000000055,4439.135000000005,4412.195000000005,4438.095000000005,35770
2026-08-11T01:30:00+00:00,4438.095000000005,4453.025000000005,4433.515000000005,4448.5450000000055,23883
2026-08-11T02:00:00+00:00,4448.5450000000055,4454.155000000005,4440.485000000005,4447.3750000000055,17438
2026-08-11T02:30:00+00:00,4447.3750000000055,4448.185000000005,4426.815000000005,4429.675000000006,20173
2026-08-11T03:00:00+00:00,4429.675000000006,4439.565000000005,4428.2950000000055,4439.2950000000055,14060
2026-08-11T03:30:00+00:00,4439.2950000000055,4440.405000000005,4432.955000000005,4435.605000000005,7948
2026-08-11T04:00:00+00:00,4435.605000000005,4438.535000000005,4428.755000000006,4434.235000000005,8884
2026-08-11T04:30:00+00:00,4434.235000000005,4439.215000000006,4421.965000000006,4427.785000000005,14612
2026-08-11T05:00:00+00:00,4427.785000000005,4427.995000000005,4409.665000000005,4411.305000000005,11725
2026-08-11T05:30:00+00:00,4411.305000000005,4411.305000000005,4386.3750000000055,4394.255000000006,34433
2026-08-11T06:00:00+00:00,4394.255000000006,4401.435000000005,4380.575000000005,4382.3350000000055,23939
2026-08-11T06:30:00+00:00,4382.3350000000055,4388.245000000005,4378.495000000005,4385.185000000005,19830
2026-08-11T07:00:00+00:00,4385.185000000005,4386.475000000005,4376.355000000005,4381.8750000000055,14598
2026-08-11T07:30:00+00:00,4381.8750000000055,4383.775000000005,4375.535000000005,4376.535000000005,12276
2026-08-11T08:00:00+00:00,4376.535000000005,4388.665000000005,4375.815000000005,4388.135000000005,13985
2026-08-11T08:30:00+00:00,4388.135000000005,4395.555000000005,4387.505000000006,4387.935000000005,12063
2026-08-11T09:00:00+00:00,4387.935000000005,4394.505000000006,4386.415000000005,4390.745000000005,12508
2026-08-11T09:30:00+00:00,4390.745000000005,4393.995000000005,4388.755000000006,4391.215000000006,9301
2026-08-11T10:00:00+00:00,4391.215000000006,4400.685000000005,4390.005000000006,4397.115000000005,11805
2026-08-11T10:30:00+00:00,4397.115000000005,4401.505000000006,4395.765000000005,4401.215000000006,9850
2026-08-11T11:00:00+00:00,4401.215000000006,4411.885000000005,4399.285000000005,4406.175000000006,25644
2026-08-11T11:30:00+00:00,4406.175000000006,4408.745000000005,4401.855000000005,4406.515000000005,12406
2026-08-11T12:00:00+00:00,4406.515000000005,4418.565000000005,4402.685000000005,4410.065000000005,23377
2026-08-11T12:30:00+00:00,4410.065000000005,4418.955000000005,4407.675000000006,4411.285000000005,17250
2026-08-11T13:00:00+00:00,4411.285000000005,4419.725000000005,4408.215000000006,4416.725000000005,24481
2026-08-11T13:30:00+00:00,4416.725000000005,4423.065000000005,4403.285000000005,4407.845000000005,48051
2026-08-11T14:00:00+00:00,4407.845000000005,4409.075000000005,4400.005000000006,4402.805000000005,35669
2026-08-11T14:30:00+00:00,4402.805000000005,4416.785000000005,4402.805000000005,4412.955000000005,26246
2026-08-11T15:00:00+00:00,4412.955000000005,4417.645000000005,4400.8350000000055,4405.6250000000055,27280
2026-08-11T15:30:00+00:00,4405.6250000000055,4405.965000000006,4387.825000000005,4402.6250000000055,31831
2026-08-11T16:00:00+00:00,4402.6250000000055,4403.705000000005,4397.235000000005,4401.825000000005,17618
2026-08-11T16:30:00+00:00,4401.825000000005,4404.705000000005,4398.115000000005,4402.135000000005,13497
2026-08-11T17:00:00+00:00,4402.135000000005,4404.5450000000055,4397.725000000005,4400.185000000005,16820
2026-08-11T17:30:00+00:00,4400.185000000005,4400.725000000005,4387.845000000005,4387.925000000006,14349
2026-08-11T18:00:00+00:00,4387.925000000006,4388.1250000000055,4379.0450000000055,4380.155000000005,24431
2026-08-11T18:30:00+00:00,4380.155000000005,4391.485000000005,4379.975000000005,4390.395000000005,10525
2026-08-11T19:00:00+00:00,4390.395000000005,4391.105000000005,4380.1250000000055,4389.265000000005,14261
2026-08-11T19:30:00+00:00,4389.265000000005,4393.165000000005,4385.055000000005,4389.485000000005,14986
2026-08-11T20:00:00+00:00,4389.485000000005,4389.995000000005,4386.455000000005,4389.155000000005,4309
2026-08-11T20:30:00+00:00,4389.155000000005,4389.285000000005,4385.895000000005,4387.595000000005,3037
2026-08-11T22:00:00+00:00,4387.595000000005,4396.215000000005,4386.845000000005,4395.6650000000045,5999.151878862794
2026-08-11T22:30:00+00:00,4395.6650000000045,4397.505000000005,4386.215000000005,4387.975000000005,7527
2026-08-11T23:00:00+00:00,4387.975000000005,4393.675000000005,4381.525000000004,4391.825000000004,10511
2026-08-11T23:30:00+00:00,4391.825000000004,4391.825000000004,4385.625000000005,4390.485000000004,5744
2026-08-12T00:00:00+00:00,4390.485000000004,4400.105000000005,4385.375000000005,4399.745000000004,16915
2026-08-12T00:30:00+00:00,4399.745000000004,4402.745000000004,4396.575000000004,4399.605000000005,11689
2026-08-12T01:00:00+00:00,4399.605000000005,4413.155000000004,4397.255000000005,4409.4550000000045,21448
2026-08-12T01:30:00+00:00,4409.4550000000045,4416.365000000004,4404.225000000005,4415.375000000005,16320
2026-08-12T02:00:00+00:00,4415.375000000005,4423.855000000005,4413.065000000004,4421.235000000004,13344
2026-08-12T02:30:00+00:00,4421.235000000004,4433.605000000005,4416.695000000004,4430.1650000000045,17417
2026-08-12T03:00:00+00:00,4430.1650000000045,4435.095000000005,4423.485000000004,4426.375000000005,14834
2026-08-12T03:30:00+00:00,4426.375000000005,4427.7050000000045,4419.6650000000045,4421.265000000005,8283
2026-08-12T04:00:00+00:00,4421.265000000005,4422.405000000004,4414.515000000005,4417.885000000005,7109
2026-08-12T04:30:00+00:00,4417.885000000005,4421.395000000005,4414.325000000004,4420.155000000004,6765
2026-08-12T05:00:00+00:00,4420.155000000004,4423.945000000004,4411.545000000005,4411.695000000004,8587
2026-08-12T05:30:00+00:00,4411.695000000004,4416.045000000005,4402.935000000005,4409.9550000000045,18936
2026-08-12T06:00:00+00:00,4409.9550000000045,4412.025000000004,4404.2050000000045,4408.695000000004,12530
2026-08-12T06:30:00+00:00,4408.695000000004,4425.385000000005,4407.435000000005,4422.485000000004,15106
2026-08-12T07:00:00+00:00,4422.485000000004,4425.105000000005,4417.175000000005,4421.475000000005,10889
2026-08-12T07:30:00+00:00,4421.475000000005,4429.085000000005,4420.345000000005,4425.215000000005,9769
2026-08-12T08:00:00+00:00,4425.215000000005,4429.655000000004,4424.675000000005,4426.075000000004,8992
2026-08-12T08:30:00+00:00,4426.075000000004,4426.685000000005,4420.7050000000045,4420.855000000005,7981
2026-08-12T09:00:00+00:00,4420.855000000005,4443.335000000005,4420.855000000005,4432.305000000005,17987
2026-08-12T09:30:00+00:00,4432.305000000005,4436.105000000005,4429.645000000005,4434.845000000005,13239
2026-08-12T10:00:00+00:00,4434.845000000005,4440.085000000005,4433.6650000000045,4438.635000000005,8255
2026-08-12T10:30:00+00:00,4438.635000000005,4439.005000000005,4425.9150000000045,4431.755000000005,11223
2026-08-12T11:00:00+00:00,4431.755000000005,4435.805000000005,4426.905000000004,4434.125000000005,9322
2026-08-12T11:30:00+00:00,4434.125000000005,4434.9150000000045,4429.195000000004,4431.825000000004,8104
2026-08-12T12:00:00+00:00,4431.825000000004,4445.745000000004,4423.735000000004,4445.745000000004,17904
2026-08-12T12:30:00+00:00,4445.745000000004,4457.495000000004,4399.885000000005,4456.295000000005,65295
2026-08-12T13:00:00+00:00,4456.295000000005,4460.625000000005,4433.545000000005,4437.515000000005,42827
2026-08-12T13:30:00+00:00,4437.515000000005,4452.975000000005,4427.375000000005,4446.585000000005,68230
2026-08-12T14:00:00+00:00,4446.585000000005,4458.835000000005,4439.655000000004,4450.625000000005,45855
2026-08-12T14:30:00+00:00,4450.625000000005,4455.215000000005,4435.395000000005,4441.055000000005,55658
2026-08-12T15:00:00+00:00,4441.055000000005,4449.005000000005,4433.965000000005,4440.675000000005,35243
2026-08-12T15:30:00+00:00,4440.675000000005,4444.585000000005,4429.995000000004,4440.085000000005,23406
2026-08-12T16:00:00+00:00,4440.085000000005,4445.475000000005,4435.785000000004,4442.195000000004,21167
2026-08-12T16:30:00+00:00,4442.195000000004,4442.9150000000045,4415.215000000005,4420.525000000004,33872
2026-08-12T17:00:00+00:00,4420.525000000004,4428.845000000005,4418.585000000005,4425.535000000004,27955
2026-08-12T17:30:00+00:00,4425.535000000004,4430.595000000005,4417.945000000004,4418.520000000005,14390.097071193119
2026-08-12T18:00:00+00:00,4418.520000000005,4430.320000000005,4415.490000000005,4427.350000000005,11577
2026-08-12T18:30:00+00:00,4427.350000000005,4436.950000000005,4427.090000000005,4432.260000000005,11408
2026-08-12T19:00:00+00:00,4432.260000000005,4437.490000000005,4431.980000000005,4435.810000000005,11383
2026-08-12T19:30:00+00:00,4435.810000000005,4435.880000000005,4427.190000000005,4433.010000000005,15289
2026-08-12T20:00:00+00:00,4433.010000000005,4433.340000000005,4425.720000000005,4426.810000000005,4342
2026-08-12T20:30:00+00:00,4426.810000000005,4428.090000000005,4425.790000000005,4427.190000000005,3660
2026-08-12T22:00:00+00:00,4427.190000000005,4428.070000000005,4416.050000000006,4417.080000000005,5077.410028541775
2026-08-12T22:30:00+00:00,4417.080000000005,4420.680000000006,4416.360000000005,4419.280000000005,3515
2026-08-12T23:00:00+00:00,4419.280000000005,4426.810000000005,4418.750000000005,4425.330000000005,3681
2026-08-12T23:30:00+00:00,4425.330000000005,4431.480000000005,4424.390000000005,4431.430000000005,3918
2026-08-13T00:00:00+00:00,4431.430000000005,4454.570000000005,4429.900000000005,4445.400000000005,19178
2026-08-13T00:30:00+00:00,4445.400000000005,4466.660000000005,4441.080000000005,4444.930000000005,22786
2026-08-13T01:00:00+00:00,4444.930000000005,4452.410000000005,4436.180000000005,4436.270000000005,32043
2026-08-13T01:30:00+00:00,4436.270000000005,4447.120000000005,4423.180000000005,4425.450000000005,27268
2026-08-13T02:00:00+00:00,4425.450000000005,4431.060000000005,4422.290000000005,4423.490000000005,17346
2026-08-13T02:30:00+00:00,4423.490000000005,4427.390000000005,4416.050000000005,4423.980000000005,21246
2026-08-13T03:00:00+00:00,4423.980000000005,4429.190000000005,4420.980000000005,4426.130000000005,16319
2026-08-13T03:30:00+00:00,4426.130000000005,4427.460000000005,4415.600000000005,4417.150000000005,9234
2026-08-13T04:00:00+00:00,4417.150000000005,4417.450000000005,4408.610000000005,4415.080000000005,13525
2026-08-13T04:30:00+00:00,4415.080000000005,4416.500000000005,4412.030000000005,4414.790000000005,9888
2026-08-13T05:00:00+00:00,4414.790000000005,4424.230000000005,4410.070000000005,4423.270000000005,14498
2026-08-13T05:30:00+00:00,4423.270000000005,4423.520000000005,4397.570000000005,4399.980000000005,29209
2026-08-13T06:00:00+00:00,4399.980000000005,4402.530000000005,4391.110000000005,4392.890000000005,20253
2026-08-13T06:30:00+00:00,4392.890000000005,4398.560000000005,4385.830000000005,4397.890000000005,17980
2026-08-13T07:00:00+00:00,4397.890000000005,4398.720000000005,4390.700000000005,4393.430000000005,15062
2026-08-13T07:30:00+00:00,4393.430000000005,4395.810000000005,4386.250000000005,4386.920000000005,15756
2026-08-13T08:00:00+00:00,4386.920000000005,4390.570000000005,4381.160000000005,4389.700000000005,16978
2026-08-13T08:30:00+00:00,4389.700000000005,4396.140000000005,4388.850000000005,4392.920000000005,10483
2026-08-13T09:00:00+00:00,4392.920000000005,4399.240000000005,4389.500000000005,4396.890000000005,11530
2026-08-13T09:30:00+00:00,4396.890000000005,4401.860000000005,4395.410000000005,4401.510000000005,9540
2026-08-13T10:00:00+00:00,4401.510000000005,4404.640000000005,4398.370000000005,4404.080000000005,9531
2026-08-13T10:30:00+00:00,4404.080000000005,4410.750000000005,4401.530000000005,4409.090000000005,7644
2026-08-13T11:00:00+00:00,4409.090000000005,4413.480000000005,4404.730000000005,4404.930000000005,9669
2026-08-13T11:30:00+00:00,4404.930000000005,4406.910000000005,4399.780000000005,4404.720000000005,11060
2026-08-13T12:00:00+00:00,4404.720000000005,4409.320000000005,4401.080000000005,4407.690000000005,16431
2026-08-13T12:30:00+00:00,4407.690000000005,4418.890000000005,4398.070000000005,4418.830000000005,26191
2026-08-13T13:00:00+00:00,4418.830000000005,4418.840000000005,4400.950000000005,4402.310000000005,28611
2026-08-13T13:30:00+00:00,4402.310000000005,4406.780000000005,4387.700000000005,4389.750000000005,54623
2026-08-13T14:00:00+00:00,4389.750000000005,4395.670000000005,4383.640000000005,4384.650000000005,62084
2026-08-13T14:30:00+00:00,4384.650000000005,4403.890000000005,4374.690000000005,4400.680000000005,37088
2026-08-13T15:00:00+00:00,4400.680000000005,4402.630000000005,4380.590000000005,4382.310000000005,33672
2026-08-13T15:30:00+00:00,4382.310000000005,4388.540000000005,4374.570000000005,4381.970000000005,26505
2026-08-13T16:00:00+00:00,4381.970000000005,4384.370000000005,4368.280000000005,4379.540000000005,30669
2026-08-13T16:30:00+00:00,4379.540000000005,4385.360000000005,4379.540000000005,4383.870000000005,16178
2026-08-13T17:00:00+00:00,4383.870000000005,4390.320000000005,4379.440000000005,4380.110000000005,18647
2026-08-13T17:30:00+00:00,4380.110000000005,4381.370000000005,4372.600000000005,4372.870000000005,17304
2026-08-13T18:00:00+00:00,4372.870000000005,4380.570000000005,4371.780000000005,4374.540000000005,22542
2026-08-13T18:30:00+00:00,4374.540000000005,4377.260000000005,4371.590000000005,4373.950000000005,13749
2026-08-13T19:00:00+00:00,4373.950000000005,4375.790000000005,4360.620000000005,4368.510000000005,16804
2026-08-13T19:30:00+00:00,4368.510000000005,4371.080000000005,4364.650000000005,4367.050000000005,18436
2026-08-13T20:00:00+00:00,4367.050000000005,4369.240000000005,4363.860000000005,4368.640000000005,5559
2026-08-13T20:30:00+00:00,4368.640000000005,4368.790000000005,4364.440000000005,4366.970000000005,4385
2026-08-13T22:00:00+00:00,4366.970000000005,4375.020000000005,4366.2500000000055,4374.4200000000055,5311.105396853693
2026-08-13T22:30:00+00:00,4374.4200000000055,4379.910000000005,4370.450000000005,4371.7100000000055,7854
2026-08-13T23:00:00+00:00,4371.7100000000055,4380.380000000006,4366.350000000005,4380.380000000006,8393
2026-08-13T23:30:00+00:00,4380.380000000006,4381.280000000005,4373.7500000000055,4373.810000000005,9271
2026-08-14T00:00:00+00:00,4373.810000000005,4379.090000000006,4356.550000000006,4356.550000000006,20009
2026-08-14T00:30:00+00:00,4356.550000000006,4364.1700000000055,4346.070000000005,4358.190000000005,23894
2026-08-14T01:00:00+00:00,4358.190000000005,4358.550000000006,4332.130000000006,4336.7100000000055,34925
2026-08-14T01:30:00+00:00,4336.7100000000055,4340.4600000000055,4329.470000000006,4335.320000000005,24294
2026-08-14T02:00:00+00:00,4335.320000000005,4339.910000000005,4328.010000000006,4330.230000000005,19899
2026-08-14T02:30:00+00:00,4330.230000000005,4339.770000000005,4328.600000000005,4332.990000000005,22075
2026-08-14T03:00:00+00:00,4332.990000000005,4343.260000000006,4330.940000000005,4342.910000000005,14399
2026-08-14T03:30:00+00:00,4342.910000000005,4345.310000000005,4340.630000000006,4340.630000000006,6773
2026-08-14T04:00:00+00:00,4340.630000000006,4344.900000000005,4339.820000000005,4342.440000000005,6952
2026-08-14T04:30:00+00:00,4342.440000000005,4344.050000000006,4340.530000000005,4344.050000000006,6396
2026-08-14T05:00:00+00:00,4344.050000000006,4344.100000000005,4334.2100000000055,4335.580000000005,10093
2026-08-14T05:30:00+00:00,4335.580000000005,4350.7500000000055,4328.070000000005,4350.7500000000055,22161
2026-08-14T06:00:00+00:00,4350.7500000000055,4353.760000000006,4345.530000000005,4346.380000000006,15106
2026-08-14T06:30:00+00:00,4346.380000000006,4353.050000000006,4345.110000000005,4352.780000000005,12251
2026-08-14T07:00:00+00:00,4352.780000000005,4354.340000000006,4346.9200000000055,4349.0000000000055,10857
2026-08-14T07:30:00+00:00,4349.0000000000055,4362.400000000005,4348.730000000005,4360.840000000006,10683
2026-08-14T08:00:00+00:00,4360.840000000006,4366.300000000006,4359.030000000005,4362.810000000005,13431
2026-08-14T08:30:00+00:00,4362.810000000005,4366.880000000006,4359.820000000005,4365.800000000006,9574
2026-08-14T09:00:00+00:00,4365.800000000006,4371.370000000005,4363.190000000005,4368.9600000000055,9424
2026-08-14T09:30:00+00:00,4368.9600000000055,4374.560000000005,4367.220000000006,4374.280000000005,8765
2026-08-14T10:00:00+00:00,4374.280000000005,4375.810000000005,4367.4200000000055,4368.550000000006,8605
2026-08-14T10:30:00+00:00,4368.550000000006,4370.700000000005,4365.380000000006,4366.5000000000055,7626
2026-08-14T11:00:00+00:00,4366.5000000000055,4374.260000000006,4365.630000000006,4373.890000000005,8904
2026-08-14T11:30:00+00:00,4373.890000000005,4386.490000000005,4373.620000000005,4386.300000000006,13179
2026-08-14T12:00:00+00:00,4386.300000000006,4397.740000000005,4383.110000000005,4397.110000000005,19729
2026-08-14T12:30:00+00:00,4397.110000000005,4404.050000000006,4388.130000000006,4390.650000000005,22586
2026-08-14T13:00:00+00:00,4390.650000000005,4403.650000000005,4387.360000000005,4401.620000000005,23900
2026-08-14T13:30:00+00:00,4401.620000000005,4413.690000000005,4400.060000000005,4401.360000000005,35695
2026-08-14T14:00:00+00:00,4401.360000000005,4411.730000000005,4401.290000000005,4408.430000000005,33554
2026-08-14T14:30:00+00:00,4408.430000000005,4408.790000000005,4396.020000000005,4398.570000000005,22239
2026-08-14T15:00:00+00:00,4398.570000000005,4411.330000000005,4396.230000000005,4401.940000000005,25828
2026-08-14T15:30:00+00:00,4401.940000000005,4411.840000000006,4400.980000000005,4408.840000000006,20637
2026-08-14T16:00:00+00:00,4408.840000000006,4413.830000000005,4404.010000000006,4404.660000000005,13809
2026-08-14T16:30:00+00:00,4404.660000000005,4406.200000000005,4397.510000000006,4403.020000000005,14873
2026-08-14T17:00:00+00:00,4403.020000000005,4403.650000000005,4396.510000000006,4396.660000000005,12194
2026-08-14T17:30:00+00:00,4396.660000000005,4400.010000000006,4393.410000000005,4395.640000000005,10257
2026-08-14T18:00:00+00:00,4395.640000000005,4398.900000000005,4393.6700000000055,4396.580000000005,9890
2026-08-14T18:30:00+00:00,4396.580000000005,4399.930000000005,4387.950000000005,4390.7500000000055,9304
2026-08-14T19:00:00+00:00,4390.7500000000055,4395.110000000005,4389.240000000005,4394.510000000006,8193
2026-08-14T19:30:00+00:00,4394.510000000006,4396.990000000005,4390.7100000000055,4393.240000000005,16848
2026-08-14T20:00:00+00:00,4393.240000000005,4393.240000000005,4388.410000000005,4391.970000000006,4027
2026-08-14T20:30:00+00:00,4391.970000000006,4393.990000000005,4390.550000000006,4392.780000000005,1483
2026-08-16T22:00:00+00:00,4392.780000000005,4392.780000000005,4382.290000000005,4385.590000000005,9494.285544568294
2026-08-16T22:30:00+00:00,4385.590000000005,4397.820000000005,4385.590000000005,4396.870000000005,5866
2026-08-16T23:00:00+00:00,4396.870000000005,4397.270000000005,4383.7500000000055,4385.770000000005,6060
2026-08-16T23:30:00+00:00,4385.770000000005,4386.180000000005,4378.050000000005,4381.190000000005,9135
2026-08-17T00:00:00+00:00,4381.190000000005,4401.720000000005,4378.920000000005,4400.700000000005,16369
2026-08-17T00:30:00+00:00,4400.700000000005,4413.020000000005,4398.410000000005,4411.960000000005,14093
2026-08-17T01:00:00+00:00,4411.960000000005,4427.310000000005,4410.730000000005,4417.970000000005,28335
2026-08-17T01:30:00+00:00,4417.970000000005,4419.080000000005,4402.990000000005,4406.580000000005,19704
2026-08-17T02:00:00+00:00,4406.580000000005,4409.290000000005,4400.800000000005,4406.280000000005,13805
2026-08-17T02:30:00+00:00,4406.280000000005,4408.960000000005,4399.220000000005,4404.100000000005,15517
2026-08-17T03:00:00+00:00,4404.100000000005,4405.740000000005,4399.090000000005,4403.990000000005,11640
2026-08-17T03:30:00+00:00,4403.990000000005,4408.530000000005,4402.080000000005,4407.910000000005,8360
2026-08-17T04:00:00+00:00,4407.910000000005,4410.5000000000055,4401.160000000005,4401.930000000005,8024
2026-08-17T04:30:00+00:00,4401.930000000005,4408.770000000005,4399.910000000005,4401.700000000005,8079
2026-08-17T05:00:00+00:00,4401.700000000005,4410.440000000005,4397.860000000005,4410.360000000005,9755
2026-08-17T05:30:00+00:00,4410.360000000005,4412.170000000005,4403.080000000005,4405.660000000005,17396
2026-08-17T06:00:00+00:00,4405.660000000005,4411.040000000005,4403.690000000005,4409.330000000005,15728
2026-08-17T06:30:00+00:00,4409.330000000005,4415.470000000005,4404.540000000005,4413.970000000005,12746
2026-08-17T07:00:00+00:00,4413.970000000005,4416.160000000005,4406.910000000005,4416.020000000005,13141
2026-08-17T07:30:00+00:00,4416.020000000005,4422.170000000005,4414.390000000005,4416.190000000005,11538
2026-08-17T08:00:00+00:00,4416.190000000005,4416.190000000005,4408.560000000005,4412.620000000005,10408
2026-08-17T08:30:00+00:00,4412.620000000005,4413.050000000005,4403.480000000005,4406.060000000005,9070
2026-08-17T09:00:00+00:00,4406.060000000005,4411.5000000000055,4404.230000000005,4407.7500000000055,9257
2026-08-17T09:30:00+00:00,4407.7500000000055,4408.460000000005,4403.540000000005,4406.480000000005,9140
2026-08-17T10:00:00+00:00,4406.480000000005,4416.410000000005,4402.880000000005,4416.320000000005,10729
2026-08-17T10:30:00+00:00,4416.320000000005,4416.740000000005,4406.320000000005,4409.950000000005,13664
2026-08-17T11:00:00+00:00,4409.950000000005,4415.560000000005,4407.940000000005,4414.430000000005,10353
2026-08-17T11:30:00+00:00,4414.430000000005,4415.780000000005,4406.430000000005,4407.730000000005,9439
2026-08-17T12:00:00+00:00,4407.730000000005,4409.720000000005,4393.190000000005,4396.430000000005,18249
2026-08-17T12:30:00+00:00,4396.430000000005,4401.050000000005,4388.170000000005,4395.830000000005,18725
2026-08-17T13:00:00+00:00,4395.830000000005,4400.540000000005,4392.800000000005,4397.200000000005,21813
2026-08-17T13:30:00+00:00,4397.200000000005,4426.950000000005,4395.630000000005,4419.690000000005,51412
2026-08-17T14:00:00+00:00,4419.690000000005,4438.400000000005,4414.740000000005,4428.990000000005,44979
2026-08-17T14:30:00+00:00,4428.990000000005,4435.540000000005,4425.050000000005,4428.280000000005,30924
2026-08-17T15:00:00+00:00,4428.280000000005,4436.920000000005,4426.260000000005,4436.480000000005,27763
2026-08-17T15:30:00+00:00,4436.480000000005,4438.790000000005,4428.650000000005,4438.560000000005,22594
2026-08-17T16:00:00+00:00,4438.560000000005,4439.740000000005,4433.690000000005,4435.600000000005,16607
2026-08-17T16:30:00+00:00,4435.600000000005,4437.820000000005,4433.5000000000055,4435.130000000005,11889
2026-08-17T17:00:00+00:00,4435.130000000005,4437.040000000005,4424.400000000005,4427.460000000005,19578
2026-08-17T17:30:00+00:00,4427.460000000005,4431.380000000005,4422.200000000005,4424.650000000005,15130
2026-08-17T18:00:00+00:00,4424.650000000005,4427.010000000005,4415.850000000005,4417.190000000005,17509
2026-08-17T18:30:00+00:00,4417.190000000005,4418.360000000005,4409.260000000005,4417.520000000005,14720
2026-08-17T19:00:00+00:00,4417.520000000005,4428.430000000005,4411.130000000005,4425.430000000005,17996
2026-08-17T19:30:00+00:00,4425.430000000005,4431.920000000005,4425.030000000005,4430.890000000005,19510
2026-08-17T20:00:00+00:00,4430.890000000005,4432.350000000005,4425.720000000005,4425.970000000005,3541
2026-08-17T20:30:00+00:00,4425.970000000005,4428.120000000005,4425.450000000005,4426.840000000005,2954
2026-08-17T22:00:00+00:00,4426.840000000005,4430.650000000005,4424.380000000006,4424.870000000005,4326.773524209879
2026-08-17T22:30:00+00:00,4424.870000000005,4428.520000000005,4422.780000000005,4424.060000000005,4146
2026-08-17T23:00:00+00:00,4424.060000000005,4434.150000000005,4422.010000000006,4432.730000000005,5025
2026-08-17T23:30:00+00:00,4432.730000000005,4438.390000000005,4432.390000000005,4438.280000000005,7993
2026-08-18T00:00:00+00:00,4438.280000000005,4444.070000000005,4431.390000000005,4443.900000000005,18030
2026-08-18T00:30:00+00:00,4443.900000000005,4447.350000000005,4440.730000000005,4447.190000000005,11548
2026-08-18T01:00:00+00:00,4447.190000000005,4448.550000000006,4432.590000000006,4437.260000000006,24719
2026-08-18T01:30:00+00:00,4437.260000000006,4438.490000000005,4416.610000000005,4420.320000000005,24035
2026-08-18T02:00:00+00:00,4420.320000000005,4420.470000000006,4410.940000000005,4414.810000000005,17514
2026-08-18T02:30:00+00:00,4414.810000000005,4415.020000000005,4406.400000000005,4412.310000000005,18143
2026-08-18T03:00:00+00:00,4412.310000000005,4416.380000000006,4406.680000000006,4409.630000000006,14593
2026-08-18T03:30:00+00:00,4409.630000000006,4409.630000000006,4402.940000000005,4404.230000000005,9730
2026-08-18T04:00:00+00:00,4404.230000000005,4406.110000000005,4402.370000000005,4404.810000000005,8072
2026-08-18T04:30:00+00:00,4404.810000000005,4407.870000000005,4401.470000000006,4406.050000000006,8216
2026-08-18T05:00:00+00:00,4406.050000000006,4408.370000000005,4403.200000000005,4403.760000000006,8996
2026-08-18T05:30:00+00:00,4403.760000000006,4409.940000000005,4398.4200000000055,4406.6700000000055,17012
2026-08-18T06:00:00+00:00,4406.6700000000055,4412.160000000005,4400.020000000005,4411.830000000005,14483
2026-08-18T06:30:00+00:00,4411.830000000005,4412.550000000006,4407.490000000005,4411.100000000005,10006
2026-08-18T07:00:00+00:00,4411.100000000005,4415.740000000005,4409.100000000005,4415.510000000006,11215
2026-08-18T07:30:00+00:00,4415.510000000006,4415.980000000005,4407.770000000005,4407.950000000005,10990
2026-08-18T08:00:00+00:00,4407.950000000005,4408.5000000000055,4399.200000000005,4401.770000000005,14574
2026-08-18T08:30:00+00:00,4401.770000000005,4410.980000000005,4401.600000000005,4405.630000000006,10412
2026-08-18T09:00:00+00:00,4405.630000000006,4406.270000000005,4400.890000000005,4401.680000000006,11290
2026-08-18T09:30:00+00:00,4401.680000000006,4407.300000000006,4399.340000000006,4405.6700000000055,11224
2026-08-18T10:00:00+00:00,4405.6700000000055,4408.560000000005,4402.080000000005,4404.400000000005,8994
2026-08-18T10:30:00+00:00,4404.400000000005,4411.980000000005,4403.990000000005,4409.990000000005,7759
2026-08-18T11:00:00+00:00,4409.990000000005,4411.040000000005,4402.120000000005,4402.4600000000055,9118
2026-08-18T11:30:00+00:00,4402.4600000000055,4409.150000000005,4400.9600000000055,4408.320000000005,9609
2026-08-18T12:00:00+00:00,4408.320000000005,4413.220000000006,4402.350000000005,4407.700000000005,15979
2026-08-18T12:30:00+00:00,4407.700000000005,4410.400000000005,4403.230000000005,4406.580000000005,14212
2026-08-18T13:00:00+00:00,4406.580000000005,4409.740000000005,4400.5000000000055,4401.380000000006,24704
2026-08-18T13:30:00+00:00,4401.380000000006,4418.850000000005,4388.480000000005,4406.9600000000055,63942
2026-08-18T14:00:00+00:00,4406.9600000000055,4418.7500000000055,4403.510000000006,4406.470000000006,43726
2026-08-18T14:30:00+00:00,4406.470000000006,4408.7100000000055,4376.110000000005,4379.0000000000055,52638
2026-08-18T15:00:00+00:00,4379.0000000000055,4389.950000000005,4363.950000000005,4367.370000000005,63182
2026-08-18T15:30:00+00:00,4367.370000000005,4378.900000000005,4366.880000000006,4377.230000000005,37929
2026-08-18T16:00:00+00:00,4377.230000000005,4384.060000000005,4375.890000000005,4376.520000000005,24509
2026-08-18T16:30:00+00:00,4376.520000000005,4381.160000000005,4375.080000000005,4376.220000000006,22402
2026-08-18T17:00:00+00:00,4376.220000000006,4380.540000000005,4375.430000000006,4377.770000000005,23312
2026-08-18T17:30:00+00:00,4377.770000000005,4378.510000000006,4368.980000000005,4370.050000000006,19457
2026-08-18T18:00:00+00:00,4370.050000000006,4373.380000000006,4365.020000000005,4372.610000000005,14958
2026-08-18T18:30:00+00:00,4372.610000000005,4372.970000000006,4365.220000000006,4366.650000000005,10685
2026-08-18T19:00:00+00:00,4366.650000000005,4371.060000000005,4364.810000000005,4367.180000000006,10400
2026-08-18T19:30:00+00:00,4367.180000000006,4370.130000000006,4350.870000000005,4357.950000000005,23648
2026-08-18T20:00:00+00:00,4357.950000000005,4358.740000000005,4345.930000000006,4350.2500000000055,7165
2026-08-18T20:30:00+00:00,4350.2500000000055,4351.950000000005,4341.380000000006,4346.550000000006,6631
2026-08-18T22:00:00+00:00,4346.550000000006,4358.200000000006,4346.540000000006,4350.600000000006,6795.1443792445725
2026-08-18T22:30:00+00:00,4350.600000000006,4350.850000000006,4347.140000000006,4348.530000000006,5195
2026-08-18T23:00:00+00:00,4348.530000000006,4352.950000000006,4344.710000000006,4345.120000000006,7230
2026-08-18T23:30:00+00:00,4345.120000000006,4348.860000000006,4341.630000000006,4347.640000000006,9892
2026-08-19T00:00:00+00:00,4347.640000000006,4360.970000000006,4346.080000000006,4357.540000000006,22379
2026-08-19T00:30:00+00:00,4357.540000000006,4361.830000000006,4351.760000000006,4352.590000000006,19496
2026-08-19T01:00:00+00:00,4352.590000000006,4360.940000000006,4339.120000000006,4356.900000000006,36817
2026-08-19T01:30:00+00:00,4356.900000000006,4372.210000000006,4356.900000000006,4371.100000000006,18757
2026-08-19T02:00:00+00:00,4371.100000000006,4376.580000000006,4366.300000000006,4374.270000000006,14834
2026-08-19T02:30:00+00:00,4374.270000000006,4374.800000000006,4366.140000000006,4369.610000000006,14910
2026-08-19T03:00:00+00:00,4369.610000000006,4372.500000000006,4366.500000000006,4371.610000000006,11267
2026-08-19T03:30:00+00:00,4371.610000000006,4374.930000000006,4369.4200000000055,4369.590000000006,6157
2026-08-19T04:00:00+00:00,4369.590000000006,4370.770000000006,4364.6700000000055,4365.780000000006,6881
2026-08-19T04:30:00+00:00,4365.780000000006,4366.680000000006,4358.400000000006,4363.080000000006,8118
2026-08-19T05:00:00+00:00,4363.080000000006,4365.300000000006,4351.270000000006,4359.910000000006,10056
2026-08-19T05:30:00+00:00,4359.910000000006,4360.030000000006,4349.810000000006,4350.230000000006,19770
2026-08-19T06:00:00+00:00,4350.230000000006,4362.870000000006,4349.970000000006,4357.860000000006,16355
2026-08-19T06:30:00+00:00,4357.860000000006,4364.000000000006,4351.700000000006,4363.710000000006,14634
2026-08-19T07:00:00+00:00,4363.710000000006,4371.600000000006,4362.060000000006,4371.320000000006,9915
2026-08-19T07:30:00+00:00,4371.320000000006,4377.770000000006,4367.360000000006,4369.430000000006,7673
2026-08-19T08:00:00+00:00,4369.430000000006,4377.290000000006,4365.6700000000055,4375.700000000006,10366
2026-08-19T08:30:00+00:00,4375.700000000006,4377.660000000006,4369.380000000006,4370.290000000006,10355
2026-08-19T09:00:00+00:00,4370.290000000006,4374.430000000006,4368.100000000006,4371.1700000000055,12014
2026-08-19T09:30:00+00:00,4371.1700000000055,4376.620000000006,4370.100000000006,4376.550000000006,10082
2026-08-19T10:00:00+00:00,4376.550000000006,4383.720000000006,4374.180000000006,4383.310000000006,11068
2026-08-19T10:30:00+00:00,4383.310000000006,4384.120000000006,4380.430000000006,4381.970000000006,8133
2026-08-19T11:00:00+00:00,4381.970000000006,4388.700000000006,4381.970000000006,4385.450000000006,12355
2026-08-19T11:30:00+00:00,4385.450000000006,4386.380000000006,4377.850000000006,4379.300000000006,11079
2026-08-19T12:00:00+00:00,4379.300000000006,4388.180000000006,4376.680000000006,4383.9200000000055,17303
2026-08-19T12:30:00+00:00,4383.9200000000055,4456.810000000006,4383.260000000006,4453.310000000006,71188
2026-08-19T13:00:00+00:00,4453.310000000006,4478.820000000006,4439.050000000006,4472.580000000006,54412
2026-08-19T13:30:00+00:00,4472.580000000006,4480.900000000006,4457.120000000006,4474.310000000006,79588
2026-08-19T14:00:00+00:00,4474.310000000006,4502.080000000006,4469.850000000006,4500.880000000006,72395
2026-08-19T14:30:00+00:00,4500.880000000006,4513.250000000006,4492.890000000006,4502.860000000006,46518
2026-08-19T15:00:00+00:00,4502.860000000006,4502.990000000006,4492.980000000006,4498.470000000006,39599
2026-08-19T15:30:00+00:00,4498.470000000006,4508.660000000006,4494.940000000006,4508.560000000006,33688
2026-08-19T16:00:00+00:00,4508.560000000006,4514.010000000006,4505.400000000006,4505.890000000006,25835
2026-08-19T16:30:00+00:00,4505.890000000006,4512.550000000006,4505.350000000006,4508.000000000006,25721
2026-08-19T17:00:00+00:00,4508.000000000006,4513.760000000006,4500.830000000006,4502.600000000006,29264
2026-08-19T17:30:00+00:00,4502.600000000006,4506.220000000006,4498.950000000006,4501.220000000006,19141
2026-08-19T18:00:00+00:00,4501.220000000006,4511.120000000006,4487.450000000006,4489.900000000006,26950
2026-08-19T18:30:00+00:00,4489.900000000006,4511.430000000006,4486.730000000006,4509.810000000006,24370
2026-08-19T19:00:00+00:00,4509.810000000006,4522.440000000006,4509.150000000006,4522.230000000006,26988
2026-08-19T19:30:00+00:00,4522.230000000006,4526.930000000006,4517.450000000006,4525.880000000006,33510
2026-08-19T20:00:00+00:00,4525.880000000006,4536.280000000006,4519.730000000006,4533.350000000006,8641
2026-08-19T20:30:00+00:00,4533.350000000006,4538.960000000006,4532.640000000006,4536.650000000006,7268
2026-08-19T22:00:00+00:00,4536.650000000006,4546.260000000007,4536.650000000006,4539.640000000007,9802.421817545088
2026-08-19T22:30:00+00:00,4539.640000000007,4540.690000000006,4535.010000000007,4537.550000000007,5780
2026-08-19T23:00:00+00:00,4537.550000000007,4542.440000000006,4534.180000000007,4536.390000000007,6995
2026-08-19T23:30:00+00:00,4536.390000000007,4536.930000000007,4530.050000000007,4530.400000000006,6433
2026-08-20T00:00:00+00:00,4530.400000000006,4539.530000000006,4527.240000000006,4529.200000000006,22159
2026-08-20T00:30:00+00:00,4529.200000000006,4532.010000000007,4522.660000000006,4523.3400000000065,15281
2026-08-20T01:00:00+00:00,4523.3400000000065,4528.450000000006,4510.410000000006,4519.1300000000065,33193
2026-08-20T01:30:00+00:00,4519.1300000000065,4519.940000000006,4503.060000000007,4508.490000000006,26548
2026-08-20T02:00:00+00:00,4508.490000000006,4518.460000000006,4507.410000000006,4511.520000000006,19562
2026-08-20T02:30:00+00:00,4511.520000000006,4513.430000000007,4507.620000000006,4509.470000000007,15857
2026-08-20T03:00:00+00:00,4509.470000000007,4515.760000000007,4506.710000000006,4512.150000000006,14443
2026-08-20T03:30:00+00:00,4512.150000000006,4519.850000000007,4510.990000000006,4517.430000000007,9634
2026-08-20T04:00:00+00:00,4517.430000000007,4517.910000000006,4508.370000000006,4508.510000000007,8559
2026-08-20T04:30:00+00:00,4508.510000000007,4510.360000000006,4505.010000000007,4507.180000000007,8474
2026-08-20T05:00:00+00:00,4507.180000000007,4512.770000000006,4501.900000000006,4501.940000000006,10252
2026-08-20T05:30:00+00:00,4501.940000000006,4504.850000000007,4496.660000000006,4500.050000000007,15678
2026-08-20T06:00:00+00:00,4500.050000000007,4514.660000000006,4498.720000000007,4512.910000000006,14320
2026-08-20T06:30:00+00:00,4512.910000000006,4514.060000000007,4509.900000000006,4512.470000000007,11652
2026-08-20T07:00:00+00:00,4512.470000000007,4512.470000000007,4502.390000000007,4502.680000000007,13348
2026-08-20T07:30:00+00:00,4502.680000000007,4512.390000000007,4502.180000000007,4509.6300000000065,13115
2026-08-20T08:00:00+00:00,4509.6300000000065,4517.390000000007,4508.8400000000065,4509.820000000006,15985
2026-08-20T08:30:00+00:00,4509.820000000006,4514.070000000006,4505.640000000007,4508.050000000007,14225
2026-08-20T09:00:00+00:00,4508.050000000007,4512.920000000006,4506.890000000007,4508.690000000006,11914
2026-08-20T09:30:00+00:00,4508.690000000006,4509.360000000006,4500.570000000006,4501.430000000007,12495
2026-08-20T10:00:00+00:00,4501.430000000007,4512.920000000006,4499.490000000006,4512.560000000007,11619
2026-08-20T10:30:00+00:00,4512.560000000007,4513.540000000006,4506.260000000007,4508.860000000006,9785
2026-08-20T11:00:00+00:00,4508.860000000006,4510.020000000006,4499.870000000006,4502.940000000006,13720
2026-08-20T11:30:00+00:00,4502.940000000006,4505.660000000006,4484.170000000006,4485.710000000006,21487
2026-08-20T12:00:00+00:00,4485.710000000006,4486.640000000007,4469.3400000000065,4477.720000000007,35797
2026-08-20T12:30:00+00:00,4477.720000000007,4495.690000000006,4469.8800000000065,4493.400000000006,26447
2026-08-20T13:00:00+00:00,4493.400000000006,4503.310000000007,4489.000000000006,4490.230000000006,32472
2026-08-20T13:30:00+00:00,4490.230000000006,4508.050000000007,4488.010000000007,4500.190000000006,57611
2026-08-20T14:00:00+00:00,4500.190000000006,4512.470000000007,4499.600000000007,4510.310000000007,54852
2026-08-20T14:30:00+00:00,4510.310000000007,4535.010000000007,4510.310000000007,4534.640000000007,41399
2026-08-20T15:00:00+00:00,4534.640000000007,4559.6300000000065,4533.800000000007,4551.180000000007,76957
2026-08-20T15:30:00+00:00,4551.180000000007,4552.320000000006,4528.680000000007,4540.430000000007,52900
2026-08-20T16:00:00+00:00,4540.430000000007,4543.510000000007,4524.220000000007,4527.960000000006,34403
2026-08-20T16:30:00+00:00,4527.960000000006,4532.410000000006,4521.420000000006,4528.750000000006,25846
2026-08-20T17:00:00+00:00,4528.750000000006,4535.280000000006,4526.570000000006,4531.660000000006,20739
2026-08-20T17:30:00+00:00,4531.660000000006,4539.200000000006,4529.550000000007,4538.650000000006,17177
2026-08-20T18:00:00+00:00,4538.650000000006,4541.100000000007,4527.040000000006,4537.720000000007,23435
2026-08-20T18:30:00+00:00,4537.720000000007,4544.050000000007,4536.660000000006,4540.780000000006,22830
2026-08-20T19:00:00+00:00,4540.780000000006,4548.160000000006,4536.940000000006,4541.510000000007,17585
2026-08-20T19:30:00+00:00,4541.510000000007,4550.920000000006,4540.670000000006,4547.420000000006,22810
2026-08-20T20:00:00+00:00,4547.420000000006,4547.720000000007,4539.110000000006,4539.550000000007,6445
2026-08-20T20:30:00+00:00,4539.550000000007,4539.890000000007,4535.540000000006,4537.320000000006,5020
2026-08-20T22:00:00+00:00,4537.320000000006,4538.640000000007,4532.330000000006,4536.960000000006,4888.057623510304
2026-08-20T22:30:00+00:00,4536.960000000006,4541.8800000000065,4535.780000000006,4541.6300000000065,4715
2026-08-20T23:00:00+00:00,4541.6300000000065,4550.370000000006,4539.850000000006,4544.510000000007,7647
2026-08-20T23:30:00+00:00,4544.510000000007,4545.990000000006,4538.370000000006,4543.690000000006,9543
2026-08-21T00:00:00+00:00,4543.690000000006,4544.710000000006,4531.200000000006,4532.350000000006,18868
2026-08-21T00:30:00+00:00,4532.350000000006,4534.700000000006,4527.410000000006,4528.050000000007,15057
2026-08-21T01:00:00+00:00,4528.050000000007,4547.970000000006,4526.420000000006,4546.850000000006,31355
2026-08-21T01:30:00+00:00,4546.850000000006,4560.810000000006,4541.110000000006,4548.070000000006,22556
2026-08-21T02:00:00+00:00,4548.070000000006,4548.5900000000065,4535.810000000006,4544.680000000006,14098
2026-08-21T02:30:00+00:00,4544.680000000006,4560.220000000006,4542.720000000006,4551.100000000006,18811
2026-08-21T03:00:00+00:00,4551.100000000006,4555.670000000006,4547.040000000006,4547.060000000006,14882
2026-08-21T03:30:00+00:00,4547.060000000006,4553.200000000006,4544.080000000006,4552.950000000006,10192
2026-08-21T04:00:00+00:00,4552.950000000006,4564.740000000006,4552.930000000006,4564.280000000006,11717
2026-08-21T04:30:00+00:00,4564.280000000006,4565.530000000006,4557.420000000006,4558.110000000006,8073
2026-08-21T05:00:00+00:00,4558.110000000006,4558.250000000006,4548.010000000007,4548.010000000007,10800
2026-08-21T05:30:00+00:00,4548.010000000007,4573.650000000006,4547.050000000007,4570.930000000006,19787
2026-08-21T06:00:00+00:00,4570.930000000006,4575.410000000006,4562.930000000006,4572.8800000000065,18125
2026-08-21T06:30:00+00:00,4572.8800000000065,4584.980000000006,4571.950000000006,4578.390000000006,17150
2026-08-21T07:00:00+00:00,4578.390000000006,4585.400000000006,4576.000000000006,4579.100000000006,13497
2026-08-21T07:30:00+00:00,4579.100000000006,4585.290000000006,4577.620000000006,4581.790000000006,14164
2026-08-21T08:00:00+00:00,4581.790000000006,4599.280000000006,4576.580000000006,4596.810000000006,17398
2026-08-21T08:30:00+00:00,4596.810000000006,4602.450000000006,4594.010000000007,4601.520000000006,15718
2026-08-21T09:00:00+00:00,4601.520000000006,4619.570000000006,4598.720000000006,4599.550000000007,20071
2026-08-21T09:30:00+00:00,4599.550000000007,4604.290000000006,4597.780000000006,4600.0900000000065,12193
2026-08-21T10:00:00+00:00,4600.0900000000065,4606.780000000006,4595.530000000006,4606.000000000006,14012
2026-08-21T10:30:00+00:00,4606.000000000006,4611.510000000007,4603.0900000000065,4605.870000000006,11801
2026-08-21T11:00:00+00:00,4605.870000000006,4617.920000000006,4604.600000000006,4615.900000000006,18254
2026-08-21T11:30:00+00:00,4615.900000000006,4621.960000000006,4610.8400000000065,4614.490000000006,19130
2026-08-21T12:00:00+00:00,4614.490000000006,4619.000000000006,4599.540000000006,4602.140000000006,21603
2026-08-21T12:30:00+00:00,4602.140000000006,4602.180000000006,4580.900000000006,4595.3800000000065,22823
2026-08-21T13:00:00+00:00,4595.3800000000065,4605.200000000006,4593.180000000006,4601.520000000006,27731
2026-08-21T13:30:00+00:00,4601.520000000006,4610.150000000006,4590.920000000006,4598.400000000006,58311
2026-08-21T14:00:00+00:00,4598.400000000006,4620.660000000006,4597.410000000006,4620.540000000006,56066
2026-08-21T14:30:00+00:00,4620.540000000006,4621.0900000000065,4598.1300000000065,4608.8800000000065,59308
2026-08-21T15:00:00+00:00,4608.8800000000065,4624.720000000006,4604.750000000006,4620.260000000007,37243
2026-08-21T15:30:00+00:00,4620.260000000007,4632.730000000006,4617.020000000006,4632.100000000006,38089
2026-08-21T16:00:00+00:00,4632.100000000006,4638.180000000006,4626.670000000006,4631.520000000006,32588
2026-08-21T16:30:00+00:00,4631.520000000006,4646.470000000006,4629.640000000006,4646.300000000007,23878
2026-08-21T17:00:00+00:00,4646.300000000007,4649.560000000006,4632.8400000000065,4639.610000000006,35312
2026-08-21T17:30:00+00:00,4639.610000000006,4642.220000000006,4634.400000000006,4637.930000000006,22285
2026-08-21T18:00:00+00:00,4637.930000000006,4645.080000000006,4637.750000000006,4642.610000000006,16179
2026-08-21T18:30:00+00:00,4642.610000000006,4643.330000000006,4636.670000000006,4641.800000000007,21334
2026-08-21T19:00:00+00:00,4641.800000000007,4642.950000000006,4635.390000000006,4635.440000000006,21261
2026-08-21T19:30:00+00:00,4635.440000000006,4641.150000000006,4632.860000000006,4634.290000000006,22517
2026-08-21T20:00:00+00:00,4634.290000000006,4635.080000000006,4627.6300000000065,4628.270000000006,7255
2026-08-21T20:30:00+00:00,4628.270000000006,4629.0900000000065,4624.810000000006,4625.560000000006,2772
2026-08-23T22:00:00+00:00,4608.07,4622.83,4606.06,4614.34,13340
2026-08-23T22:30:00+00:00,4614.34,4617.2,4605.97,4606.11,8309
2026-08-23T23:00:00+00:00,4606.11,4616.13,4604.74,4615.08,7021
2026-08-23T23:30:00+00:00,4615.08,4624.52,4607.32,4624.01,13846
2026-08-24T00:00:00+00:00,4624.01,4640.48,4594.49,4604.49,35070
2026-08-24T00:30:00+00:00,4604.49,4623.36,4600.96,4621.73,25518
2026-08-24T01:00:00+00:00,4621.73,4635.15,4611.08,4614.53,42494
2026-08-24T01:30:00+00:00,4614.53,4637.65,4607.91,4632.21,30336
2026-08-24T02:00:00+00:00,4632.21,4655.42,4627.73,4655.28,27074
2026-08-24T02:30:00+00:00,4655.28,4656.62,4627.46,4643.62,28520
2026-08-24T03:00:00+00:00,4643.62,4648.1,4633.48,4643.72,22246
2026-08-24T03:30:00+00:00,4643.72,4650.04,4640.07,4641.6,13394
2026-08-24T04:00:00+00:00,4641.6,4642.6,4632.39,4640.54,14730
2026-08-24T04:30:00+00:00,4640.54,4640.83,4632.95,4638.8,11559
2026-08-24T05:00:00+00:00,4638.8,4646.44,4636.16,4636.16,14253
2026-08-24T05:30:00+00:00,4636.16,4642.92,4629.59,4640.73,27735
2026-08-24T06:00:00+00:00,4640.73,4659.79,4639.46,4642.52,28304
2026-08-24T06:30:00+00:00,4642.52,4653.83,4641.83,4649.89,20319
2026-08-24T07:00:00+00:00,4649.89,4654.41,4642.19,4642.59,19923
2026-08-24T07:30:00+00:00,4642.59,4647.95,4630.15,4641.55,19464
2026-08-24T08:00:00+00:00,4641.55,4645.93,4629.57,4629.57,22041
2026-08-24T08:30:00+00:00,4629.57,4645.99,4628.85,4637.95,14338
2026-08-24T09:00:00+00:00,4637.95,4644.78,4634.83,4635.79,13926
2026-08-24T09:30:00+00:00,4635.79,4646.06,4632.81,4645.75,13426
2026-08-24T10:00:00+00:00,4645.75,4650.07,4642.28,4642.98,12830
2026-08-24T10:30:00+00:00,4642.98,4648.86,4641.82,4643.23,12295
2026-08-24T11:00:00+00:00,4643.23,4647.39,4639.05,4646.46,14665
2026-08-24T11:30:00+00:00,4646.46,4669.9,4643.45,4657.68,32163
2026-08-24T12:00:00+00:00,4657.68,4662.72,4649.99,4661.65,22758
2026-08-24T12:30:00+00:00,4661.65,4668.49,4645.16,4662.81,25056
2026-08-24T13:00:00+00:00,4662.81,4677.85,4661.5,4672.17,32025
2026-08-24T13:30:00+00:00,4672.17,4680.86,4656.15,4664.62,82504
2026-08-24T14:00:00+00:00,4664.62,4675,4655.38,4671.5,65007
2026-08-24T14:30:00+00:00,4671.5,4678.52,4656.93,4670.26,46434
2026-08-24T15:00:00+00:00,4670.26,4679.29,4665.28,4675.79,45378
2026-08-24T15:30:00+00:00,4675.79,4677.24,4640.01,4649.18,42204
2026-08-24T16:00:00+00:00,4649.18,4661.59,4646.58,4658.81,31779
2026-08-24T16:30:00+00:00,4658.81,4662.15,4642.1,4644.88,22414
2026-08-24T17:00:00+00:00,4644.88,4655.13,4630.47,4638.6,49966
2026-08-24T17:30:00+00:00,4638.6,4643.04,4632.57,4636.47,26960
2026-08-24T18:00:00+00:00,4636.47,4642.28,4625.14,4640.41,30409
2026-08-24T18:30:00+00:00,4640.41,4641.78,4625.17,4636.52,28213
2026-08-24T19:00:00+00:00,4636.52,4644.88,4635.91,4641.4,23335
2026-08-24T19:30:00+00:00,4641.4,4655.78,4640.23,4651.81,31318
2026-08-24T20:00:00+00:00,4651.81,4655.18,4648.75,4649.15,6275
2026-08-24T20:30:00+00:00,4649.15,4652.39,4646.99,4651.57,5021
2026-08-24T22:00:00+00:00,4651.57,4660.67,4651.57,4657.73,5056
2026-08-24T22:30:00+00:00,4657.73,4668.36,4657.23,4667.58,3859
2026-08-24T23:00:00+00:00,4667.58,4676.66,4666.81,4669.08,6340
2026-08-24T23:30:00+00:00,4669.08,4682.42,4667.49,4679.82,11681
2026-08-25T00:00:00+00:00,4679.82,4691.46,4675.34,4682.4,30565
2026-08-25T00:30:00+00:00,4682.4,4696.62,4681.73,4684.53,28674
2026-08-25T01:00:00+00:00,4684.53,4686.61,4664.22,4669.57,35999
2026-08-25T01:30:00+00:00,4669.57,4675.48,4656.59,4657.96,32052
2026-08-25T02:00:00+00:00,4657.96,4661.39,4638.33,4656.6,33709
2026-08-25T02:30:00+00:00,4656.6,4656.6,4617.78,4629.55,42397
2026-08-25T03:00:00+00:00,4629.55,4638.48,4622.36,4637.83,28504
2026-08-25T03:30:00+00:00,4637.83,4641.28,4631.54,4633.7,13827
2026-08-25T04:00:00+00:00,4633.7,4637.6,4628.75,4630.69,11841
2026-08-25T04:30:00+00:00,4630.69,4632.65,4623.82,4625.92,15168
2026-08-25T05:00:00+00:00,4625.92,4647.7,4624.02,4646.39,16072
2026-08-25T05:30:00+00:00,4646.39,4646.74,4635.78,4642.93,23981
2026-08-25T06:00:00+00:00,4642.93,4653.07,4641.19,4649.93,17815
2026-08-25T06:30:00+00:00,4649.93,4653.32,4637.04,4638.2,16444
2026-08-25T07:00:00+00:00,4638.2,4643.71,4634.41,4634.43,16593
2026-08-25T07:30:00+00:00,4634.43,4640.42,4629.72,4630.1,14218
2026-08-25T08:00:00+00:00,4630.1,4645.29,4620.08,4632.99,25576
2026-08-25T08:30:00+00:00,4632.99,4635.3,4625.14,4630.18,18160
2026-08-25T09:00:00+00:00,4630.18,4633.43,4624.84,4626.49,16538
2026-08-25T09:30:00+00:00,4626.49,4642.5,4624.1,4636.28,24946
2026-08-25T10:00:00+00:00,4636.28,4638.93,4633.04,4633.58,13295
2026-08-25T10:30:00+00:00,4633.58,4642.3,4632.77,4639.22,10923
2026-08-25T11:00:00+00:00,4639.22,4644.95,4636.31,4641.35,13702
2026-08-25T11:30:00+00:00,4641.35,4647.44,4640.64,4642.55,12518
2026-08-25T12:00:00+00:00,4642.55,4642.62,4631.94,4637.36,17263
2026-08-25T12:30:00+00:00,4637.36,4644.129999999999,4629.969999999999,4640.73,17067
2026-08-25T13:00:00+00:00,4640.73,4640.919999999999,4608.889999999999,4609.58,36729
2026-08-25T13:30:00+00:00,4609.58,4623.419999999999,4605.24,4616.419999999999,58574
2026-08-25T14:00:00+00:00,4616.419999999999,4628.24,4613.219999999999,4623.73,41592
2026-08-25T14:30:00+00:00,4623.73,4640,4613.07,4635.4,39529
2026-08-25T15:00:00+00:00,4635.4,4644.61,4629.45,4639.679999999999,35991
2026-08-25T15:30:00+00:00,4639.679999999999,4659.33,4639.679999999999,4652.5599999999995,39886
2026-08-25T16:00:00+00:00,4652.5599999999995,4653.36,4637.87,4640.509999999999,25393
2026-08-25T16:30:00+00:00,4640.509999999999,4646.45,4636.889999999999,4643.41,20195
2026-08-25T17:00:00+00:00,4643.41,4645.03,4634.129999999999,4636.919999999999,21253
2026-08-25T17:30:00+00:00,4636.919999999999,4648.3099999999995,4636.24,4648.299999999999,13993
2026-08-25T18:00:00+00:00,4648.299999999999,4650.419999999999,4644.139999999999,4649.879999999999,12057
2026-08-25T18:30:00+00:00,4649.879999999999,4654.649999999999,4645.839999999999,4654.189999999999,10447
2026-08-25T19:00:00+00:00,4654.189999999999,4667.209999999999,4653.039999999999,4660.649999999999,16316
2026-08-25T19:30:00+00:00,4660.649999999999,4667.159999999999,4657.599999999999,4666.619999999999,20436
2026-08-25T20:00:00+00:00,4666.619999999999,4668.659999999999,4661.679999999999,4662.109999999999,8440
2026-08-25T20:30:00+00:00,4662.109999999999,4663.669999999999,4656.73,4657.2699999999995,5663
2026-08-25T22:00:00+00:00,4657.56,4666.8,4657.45,4666.56,4084
2026-08-25T22:30:00+00:00,4666.56,4673.69,4666.53,4672.46,4668
2026-08-25T23:00:00+00:00,4672.46,4673.41,4659.91,4660.95,5808
2026-08-25T23:30:00+00:00,4660.95,4661.31,4653.12,4654.83,9104
2026-08-26T00:00:00+00:00,4654.83,4657.58,4643.08,4646.68,18458
2026-08-26T00:30:00+00:00,4646.68,4650.15,4634.4,4637.4,17681
2026-08-26T01:00:00+00:00,4637.4,4650.36,4629.38,4643.5,30446
2026-08-26T01:30:00+00:00,4643.5,4660.82,4638.85,4657.06,27168
2026-08-26T02:00:00+00:00,4657.06,4661.7,4654.85,4658.96,17629
2026-08-26T02:30:00+00:00,4658.96,4670.58,4657.53,4658.4,19615
2026-08-26T03:00:00+00:00,4658.4,4658.48,4645.89,4650.33,17127
2026-08-26T03:30:00+00:00,4650.33,4651.28,4642.58,4642.72,9511
2026-08-26T04:00:00+00:00,4642.72,4644.24,4641.12,4642.28,6853
2026-08-26T04:30:00+00:00,4642.28,4643.32,4638.81,4640.62,7703
2026-08-26T05:00:00+00:00,4640.62,4645.86,4640.06,4643.38,10221
2026-08-26T05:30:00+00:00,4643.38,4649.43,4635.47,4639.65,20488
2026-08-26T06:00:00+00:00,4639.65,4641.37,4624.62,4626.7,18955
2026-08-26T06:30:00+00:00,4626.7,4636.88,4625.66,4634.15,14469
2026-08-26T07:00:00+00:00,4634.15,4639.17,4630.79,4631.4,14648
2026-08-26T07:30:00+00:00,4631.4,4636.39,4626.43,4628.99,12088
2026-08-26T08:00:00+00:00,4628.99,4630.28,4622.06,4629.48,14949
2026-08-26T08:30:00+00:00,4629.48,4630.57,4624.9,4628.22,11018
2026-08-26T09:00:00+00:00,4628.22,4630.83,4616.18,4616.67,13129
2026-08-26T09:30:00+00:00,4616.67,4625.45,4616.62,4623.11,10200
2026-08-26T10:00:00+00:00,4623.11,4624.04,4613.35,4615.12,9762
2026-08-26T10:30:00+00:00,4615.12,4624.09,4614.55,4620.14,8410
2026-08-26T11:00:00+00:00,4620.14,4622.91,4616.4,4620.47,10829
2026-08-26T11:30:00+00:00,4620.47,4625.14,4616.85,4624.5,11559
2026-08-26T12:00:00+00:00,4624.5,4630.3,4623.69,4629.9,16395
2026-08-26T12:30:00+00:00,4629.9,4632.64,4611,4614.53,39970
2026-08-26T13:00:00+00:00,4614.53,4621.25,4597.97,4611.27,41930
2026-08-26T13:30:00+00:00,4611.27,4631.86,4610.31,4631.45,59844
2026-08-26T14:00:00+00:00,4631.45,4633.13,4616.3,4616.62,40726
2026-08-26T14:30:00+00:00,4616.62,4622.83,4602.85,4602.85,35151
2026-08-26T15:00:00+00:00,4602.85,4605.39,4583.03,4594.68,43036
2026-08-26T15:30:00+00:00,4594.68,4609.23,4594.45,4596.06,28931
2026-08-26T16:00:00+00:00,4596.06,4601.4,4590.57,4594.67,25816
2026-08-26T16:30:00+00:00,4594.67,4596.51,4585.5599999999995,4591.41,23010
2026-08-26T17:00:00+00:00,4591.41,4598.79,4590.35,4597.47,19872
2026-08-26T17:30:00+00:00,4597.47,4602.01,4594.03,4597.6,14093
2026-08-26T18:00:00+00:00,4597.6,4604.24,4592.61,4594.61,15195
2026-08-26T18:30:00+00:00,4594.61,4597.93,4592.22,4596.200000000001,11803
2026-08-26T19:00:00+00:00,4596.200000000001,4601.43,4593.27,4600.84,15881
2026-08-26T19:30:00+00:00,4600.84,4603.910000000001,4594.76,4596.530000000001,15471
2026-08-26T20:00:00+00:00,4596.530000000001,4598.910000000001,4586.35,4593.54,12586
2026-08-26T20:30:00+00:00,4593.54,4596.990000000001,4592.610000000001,4594.7300000000005,7413
2026-08-26T22:00:00+00:00,4592.34,4613.26,4592.34,4610.9,10043
2026-08-26T22:30:00+00:00,4610.9,4612.31,4606.67,4609.43,5702
2026-08-26T23:00:00+00:00,4609.43,4622.25,4606.9,4619.97,7368
2026-08-26T23:30:00+00:00,4619.97,4624.87,4618.06,4623.49,8955
2026-08-27T00:00:00+00:00,4623.49,4627.04,4613.24,4618.88,16439
2026-08-27T00:30:00+00:00,4618.88,4618.88,4600.24,4605.02,18593
2026-08-27T01:00:00+00:00,4605.02,4624.169999999999,4602.45,4617.69,31601
2026-08-27T01:30:00+00:00,4617.69,4639.9,4616.839999999999,4639.049999999999,22158
2026-08-27T02:00:00+00:00,4639.049999999999,4642.07,4631.679999999999,4632.099999999999,13771
2026-08-27T02:30:00+00:00,4632.099999999999,4632.78,4622.66,4628.73,17740
2026-08-27T03:00:00+00:00,4628.73,4637.669999999999,4627.389999999999,4634.329999999999,12923
2026-08-27T03:30:00+00:00,4634.329999999999,4634.599999999999,4623.459999999999,4624.5199999999995,8673
2026-08-27T04:00:00+00:00,4624.5199999999995,4626.36,4619.5599999999995,4619.73,8635
2026-08-27T04:30:00+00:00,4619.73,4619.919999999999,4616.369999999999,4617.869999999999,9490
2026-08-27T05:00:00+00:00,4617.869999999999,4620.78,4615.389999999999,4616.36,9928
2026-08-27T05:30:00+00:00,4616.36,4618.98,4600.099999999999,4606.11,23782
2026-08-27T06:00:00+00:00,4606.11,4609.639999999999,4598.599999999999,4609.589999999999,16687
2026-08-27T06:30:00+00:00,4609.589999999999,4610.959999999999,4596.9,4599.36,14481
2026-08-27T07:00:00+00:00,4599.36,4604.91,4592.619999999999,4598.4,15650
2026-08-27T07:30:00+00:00,4598.4,4601.73,4593.999999999999,4599.2,11535
2026-08-27T08:00:00+00:00,4599.2,4605.99,4599.079999999999,4599.969999999999,12256
2026-08-27T08:30:00+00:00,4599.969999999999,4601.389999999999,4593.869999999999,4598.07,11740
2026-08-27T09:00:00+00:00,4598.07,4599.86,4592.759999999999,4596.869999999999,13668
2026-08-27T09:30:00+00:00,4596.869999999999,4598.329999999999,4577.7,4579.49,16700
2026-08-27T10:00:00+00:00,4579.49,4582.78,4568.219999999999,4579.299999999999,14650
2026-08-27T10:30:00+00:00,4579.299999999999,4589.589999999999,4575.249999999999,4589.099999999999,11881
2026-08-27T11:00:00+00:00,4589.099999999999,4595.889999999999,4586.329999999999,4593.549999999999,12076
2026-08-27T11:30:00+00:00,4593.549999999999,4599.419999999999,4592.839999999999,4597.24,14930
2026-08-27T12:00:00+00:00,4597.24,4600.24,4590.91,4594.15,16345
2026-08-27T12:30:00+00:00,4594.15,4595.459999999999,4579.419999999999,4584.889999999999,17390
2026-08-27T13:00:00+00:00,4584.889999999999,4592.299999999999,4579.039999999999,4589.28,31888
2026-08-27T13:30:00+00:00,4589.28,4592.049999999999,4564.0599999999995,4571.5199999999995,63271
2026-08-27T14:00:00+00:00,4571.5199999999995,4583.0199999999995,4567.48,4580.369999999999,45751
2026-08-27T14:30:00+00:00,4580.369999999999,4597.169999999999,4580.299999999999,4590.36,37770
2026-08-27T15:00:00+00:00,4590.36,4597.299999999999,4588.129999999999,4592.32,30978
2026-08-27T15:30:00+00:00,4592.32,4610.469999999999,4591.45,4609.839999999999,31696
2026-08-27T16:00:00+00:00,4609.839999999999,4612.379999999999,4601.369999999999,4606.629999999999,21361
2026-08-27T16:30:00+00:00,4606.629999999999,4615.619999999999,4604.999999999999,4613.889999999999,21088
2026-08-27T17:00:00+00:00,4613.889999999999,4615.549999999999,4607.36,4609.2699999999995,22569
2026-08-27T17:30:00+00:00,4609.2699999999995,4613.279999999999,4604.099999999999,4605.489999999999,22473
2026-08-27T18:00:00+00:00,4605.489999999999,4607.049999999999,4600.61,4600.61,24174
2026-08-27T18:30:00+00:00,4600.61,4610.219999999999,4600.0199999999995,4609.32,15004
2026-08-27T19:00:00+00:00,4609.32,4617.039999999999,4603.249999999999,4604.869999999999,17774
2026-08-27T19:30:00+00:00,4604.869999999999,4611.7699999999995,4603.779999999999,4608.4,21985
2026-08-27T20:00:00+00:00,4608.4,4608.679999999999,4601.73,4602.69,5806
2026-08-27T20:30:00+00:00,4602.69,4603.779999999999,4598.989999999999,4599.539999999999,5366
2026-08-27T22:00:00+00:00,4600.49,4608.36,4600.49,4607.57,6013
2026-08-27T22:30:00+00:00,4607.57,4610.79,4606.73,4610.66,3397
2026-08-27T23:00:00+00:00,4610.66,4611.42,4599.99,4600.83,4355
2026-08-27T23:30:00+00:00,4600.83,4602.33,4594.29,4594.42,6171
2026-08-28T00:00:00+00:00,4594.42,4602.48,4590.57,4594.04,17083
2026-08-28T00:30:00+00:00,4594.04,4594.27,4585.58,4588.67,14794
2026-08-28T01:00:00+00:00,4588.67,4601.35,4583.77,4585.7,31011
2026-08-28T01:30:00+00:00,4585.7,4589.04,4575.39,4575.82,25968
2026-08-28T02:00:00+00:00,4575.82,4584.89,4575.02,4583.42,14186
2026-08-28T02:30:00+00:00,4583.42,4589.73,4582.3,4586.4,15211
2026-08-28T03:00:00+00:00,4586.4,4590.06,4582.73,4587.87,13936
2026-08-28T03:30:00+00:00,4587.87,4588.28,4578.63,4579.84,8080
2026-08-28T04:00:00+00:00,4579.84,4585.33,4577.88,4584.79,7335
2026-08-28T04:30:00+00:00,4584.79,4585.24,4578.11,4584.29,6590
2026-08-28T05:00:00+00:00,4584.29,4586.34,4578.22,4584.01,8997
2026-08-28T05:30:00+00:00,4584.01,4584.01,4571.28,4573.32,20514
2026-08-28T06:00:00+00:00,4573.32,4585.49,4572.4,4584.91,17844
2026-08-28T06:30:00+00:00,4584.91,4613.09,4582.83,4612.46,23737
2026-08-28T07:00:00+00:00,4612.46,4613.17,4596.6,4607.46,20366
2026-08-28T07:30:00+00:00,4607.46,4614.2,4607.01,4611.8,12273
2026-08-28T08:00:00+00:00,4611.8,4614.54,4607.92,4608.91,12181
2026-08-28T08:30:00+00:00,4608.91,4611.34,4600.84,4602.82,11305
2026-08-28T09:00:00+00:00,4602.82,4604.28,4600.52,4601.82,12536
2026-08-28T09:30:00+00:00,4601.82,4607.42,4600.93,4605.07,10610
2026-08-28T10:00:00+00:00,4605.07,4609.9,4601.84,4605.35,10433
2026-08-28T10:30:00+00:00,4605.35,4607.96,4597.54,4600.13,10808
2026-08-28T11:00:00+00:00,4600.13,4601.31,4594.85,4598.93,13584
2026-08-28T11:30:00+00:00,4598.93,4600.81,4591.3,4593.32,13424
2026-08-28T12:00:00+00:00,4593.32,4603.59,4590.81,4601.31,17886
2026-08-28T12:30:00+00:00,4601.31,4602.56,4589.06,4601.67,23028
2026-08-28T13:00:00+00:00,4601.67,4605.34,4593.72,4603.89,32203
2026-08-28T13:30:00+00:00,4603.89,4627.22,4598.86,4605.02,45965
2026-08-28T14:00:00+00:00,4605.02,4630.21,4530.15,4551.98,138754
2026-08-28T14:30:00+00:00,4551.98,4580.61,4550.64,4576.63,95756
2026-08-28T15:00:00+00:00,4576.63,4582.72,4551.48,4566.82,77089
2026-08-28T15:30:00+00:00,4566.82,4567.41,4524.16,4524.41,78367
2026-08-28T16:00:00+00:00,4524.41,4529.52,4464.41,4481.1,98190
2026-08-28T16:30:00+00:00,4481.1,4487.04,4466.07,4479.37,74943
2026-08-28T17:00:00+00:00,4479.37,4486.36,4471.34,4477.89,56227
2026-08-28T17:30:00+00:00,4477.89,4481.67,4460.44,4469.29,41351
2026-08-28T18:00:00+00:00,4469.29,4471.53,4452.06,4456.22,52924
2026-08-28T18:30:00+00:00,4456.22,4458.63,4445.31,4456.72,44384
2026-08-28T19:00:00+00:00,4456.72,4463.5,4453.21,4461.96,33793
2026-08-28T19:30:00+00:00,4461.96,4466.91,4452.97,4458.13,28335
2026-08-28T20:00:00+00:00,4458.13,4462.67,4453.65,4457.99,9108
2026-08-28T20:30:00+00:00,4457.99,4458.14,4453.5,4456.77,2652
2026-08-30T22:00:00+00:00,4456.77,4465.93,4433.87,4459.54,16667
2026-08-30T22:30:00+00:00,4459.54,4462.52,4452.96,4461.29,7623
2026-08-30T23:00:00+00:00,4461.29,4466.72,4455.04,4457.51,9129
2026-08-30T23:30:00+00:00,4457.51,4460.41,4435.62,4458.32,19246
2026-08-31T00:00:00+00:00,4458.32,4465.13,4452.19,4456.78,23987
2026-08-31T00:30:00+00:00,4456.78,4472.01,4456.18,4456.26,18464
2026-08-31T01:00:00+00:00,4456.26,4463.19,4435.92,4443.86,51428
2026-08-31T01:30:00+00:00,4443.86,4453.91,4436.08,4440.11,39866
2026-08-31T02:00:00+00:00,4440.11,4441.32,4418.13,4423.03,34165
2026-08-31T02:30:00+00:00,4423.03,4426.4,4396.4,4422.82,35028
2026-08-31T03:00:00+00:00,4422.82,4433.91,4421.62,4427.6,18937
2026-08-31T03:30:00+00:00,4427.6,4427.6,4419.7,4422.48,11195
2026-08-31T04:00:00+00:00,4422.48,4422.84,4415.89,4415.97,10232
2026-08-31T04:30:00+00:00,4415.97,4424.9,4412.94,4424.5,11804
2026-08-31T05:00:00+00:00,4424.5,4440.74,4419.21,4440.16,15565
2026-08-31T05:30:00+00:00,4440.16,4443.71,4430.49,4442.92,25119
2026-08-31T06:00:00+00:00,4442.92,4443.09,4429.3,4435.88,19519
2026-08-31T06:30:00+00:00,4435.88,4442.5,4431.2,4439.26,15526
2026-08-31T07:00:00+00:00,4439.26,4447.86,4435.1,4445.43,14312
2026-08-31T07:30:00+00:00,4445.43,4447.72,4440.9,4443.2,11722
2026-08-31T08:00:00+00:00,4443.2,4449.44,4436.07,4440.06,15487
2026-08-31T08:30:00+00:00,4440.06,4440.23,4433.74,4435.54,10640
2026-08-31T09:00:00+00:00,4435.54,4444.11,4435.54,4439.12,10220
2026-08-31T09:30:00+00:00,4439.12,4445.5,4438.99,4445.09,8010
2026-08-31T10:00:00+00:00,4445.09,4453.47,4444.56,4448.26,13385
2026-08-31T10:30:00+00:00,4448.26,4455.48,4447.49,4453.89,11019
2026-08-31T11:00:00+00:00,4453.89,4463.69,4452.6,4463.18,11267
2026-08-31T11:30:00+00:00,4463.18,4463.73,4452.45,4455.26,13621
2026-08-31T12:00:00+00:00,4455.26,4460.8,4447.22,4447.65,21355
2026-08-31T12:30:00+00:00,4447.65,4449.96,4435.48,4435.75,23511
2026-08-31T13:00:00+00:00,4435.75,4448.19,4433.8,4445.81,29652
2026-08-31T13:30:00+00:00,4445.81,4447.19,4415.59,4418.54,55729
2026-08-31T14:00:00+00:00,4418.54,4430.96,4416.13,4420.11,51752
2026-08-31T14:30:00+00:00,4420.11,4436.6,4419.18,4431.66,41869
2026-08-31T15:00:00+00:00,4431.66,4437.8,4428.09,4432.83,35819
2026-08-31T15:30:00+00:00,4432.83,4434.09,4424.56,4426.2,32929
2026-08-31T16:00:00+00:00,4426.2,4438.45,4423.68,4438.32,26098
2026-08-31T16:30:00+00:00,4438.32,4440.18,4431.43,4433.24,23288
2026-08-31T17:00:00+00:00,4433.24,4437.02,4428.7,4430.49,22990
2026-08-31T17:30:00+00:00,4430.49,4439.98,4429.82,4436.48,19577
2026-08-31T18:00:00+00:00,4436.48,4436.78,4429.52,4429.77,15728
2026-08-31T18:30:00+00:00,4429.77,4434.64,4426.26,4430.86,15570
2026-08-31T19:00:00+00:00,4430.86,4442.36,4429.2,4440.32,15497
2026-08-31T19:30:00+00:00,4440.32,4453.71,4438.99,4453.21,31548
2026-08-31T20:00:00+00:00,4453.21,4455.76,4446.74,4447.19,8459
2026-08-31T20:30:00+00:00,4447.19,4449.17,4446.35,4446.83,3980
2026-08-31T22:00:00+00:00,4446.83,4455.62,4446.83,4449.67,5573
2026-08-31T22:30:00+00:00,4449.67,4451.14,4445.44,4446.95,3187
2026-08-31T23:00:00+00:00,4446.95,4447.13,4441.68,4443.13,4213
2026-08-31T23:30:00+00:00,4443.13,4452.4,4442.91,4452.24,7639
2026-09-01T00:00:00+00:00,4452.24,4461.23,4446.34,4460.22,21655
2026-09-01T00:30:00+00:00,4460.22,4461.43,4451.12,4453.56,14911
2026-09-01T01:00:00+00:00,4453.56,4456.81,4437.83,4439.71,31087
2026-09-01T01:30:00+00:00,4439.71,4446.64,4436.33,4444.31,21306
2026-09-01T02:00:00+00:00,4444.31,4448.96,4440.35,4440.67,15524
2026-09-01T02:30:00+00:00,4440.67,4443.14,4427.69,4443.04,21914
2026-09-01T03:00:00+00:00,4443.04,4444.04,4431.62,4434.05,14339
2026-09-01T03:30:00+00:00,4434.05,4443.31,4433.21,4436.71,8817
2026-09-01T04:00:00+00:00,4436.71,4437.72,4429.53,4429.59,9113
2026-09-01T04:30:00+00:00,4429.59,4430.53,4425.43,4426.63,9536
2026-09-01T05:00:00+00:00,4426.63,4432.67,4425.51,4426.82,10661
2026-09-01T05:30:00+00:00,4426.82,4445.99,4423.61,4440.1,23290
2026-09-01T06:00:00+00:00,4440.1,4440.47,4427.55,4429.07,15459
2026-09-01T06:30:00+00:00,4429.07,4435.22,4428.22,4429.56,12800
2026-09-01T07:00:00+00:00,4429.56,4434.84,4425.89,4426.16,18868
2026-09-01T07:30:00+00:00,4426.16,4428.13,4412.04,4420.07,21559
2026-09-01T08:00:00+00:00,4420.07,4420.07,4381.88,4382.96,44305
2026-09-01T08:30:00+00:00,4382.96,4383.36,4369.51,4370.77,39740
2026-09-01T09:00:00+00:00,4370.77,4378.04,4366.45,4372.79,30460
2026-09-01T09:30:00+00:00,4372.79,4373.57,4364.43,4364.74,21752
2026-09-01T10:00:00+00:00,4364.74,4385.53,4364.32,4384.87,17355
2026-09-01T10:30:00+00:00,4384.87,4385.9,4375.08,4378.15,16140
2026-09-01T11:00:00+00:00,4378.15,4382.95,4374.85,4380.4,19734
2026-09-01T11:30:00+00:00,4380.4,4387.14,4372.05,4374.65,17614
2026-09-01T12:00:00+00:00,4374.65,4375.94,4365.97,4368.54,27651
2026-09-01T12:30:00+00:00,4368.54,4369.53,4352,4356.31,34011
2026-09-01T13:00:00+00:00,4356.31,4357.47,4326.17,4342.99,53504
2026-09-01T13:30:00+00:00,4342.99,4367.24,4341.25,4364.94,63580
2026-09-01T14:00:00+00:00,4364.94,4375.49,4353.19,4365.72,52421
2026-09-01T14:30:00+00:00,4365.72,4373.24,4356.79,4360.2,41964
2026-09-01T15:00:00+00:00,4360.2,4365.89,4355.31,4365.89,33471
2026-09-01T15:30:00+00:00,4365.89,4373.72,4361.64,4372.73,26999
2026-09-01T16:00:00+00:00,4372.73,4374.68,4352.43,4352.74,37529
2026-09-01T16:30:00+00:00,4352.74,4359.12,4347.07,4351.2,34857
2026-09-01T17:00:00+00:00,4351.2,4351.87,4342.66,4349.96,28792
2026-09-01T17:30:00+00:00,4349.96,4351.93,4340.94,4342.87,25924
2026-09-01T18:00:00+00:00,4342.87,4344.5,4334.36,4337.5,22317
2026-09-01T18:30:00+00:00,4337.5,4337.51,4328.12,4331.62,24829
2026-09-01T19:00:00+00:00,4331.62,4337.58,4329.05,4334.46,23109
2026-09-01T19:30:00+00:00,4334.46,4334.71,4322.89,4326.79,26281
2026-09-01T20:00:00+00:00,4326.79,4330.77,4323.67,4326.02,8889
2026-09-01T20:30:00+00:00,4326.02,4329.7,4325.16,4328.35,5723
2026-09-01T22:00:00+00:00,4328.35,4334,4327.17,4327.8,5366
2026-09-01T22:30:00+00:00,4327.8,4331.05,4326.19,4329.37,3887
2026-09-01T23:00:00+00:00,4329.37,4332.47,4325.91,4330.77,5099
2026-09-01T23:30:00+00:00,4330.77,4335.81,4323.21,4324.53,7859
2026-09-02T00:00:00+00:00,4324.53,4334.45,4315.56,4325.67,30393
2026-09-02T00:30:00+00:00,4325.67,4331.44,4314.75,4315.64,23928
2026-09-02T01:00:00+00:00,4315.64,4326.68,4305.04,4317.25,48989
2026-09-02T01:30:00+00:00,4317.25,4318.42,4288.45,4290.89,36357
2026-09-02T02:00:00+00:00,4290.89,4291.58,4288.67,4289.72,641
